city,publisher,source,source_url,rank,headline,link,collected_at_iso
Bengaluru,NIE,Bengaluru • NIE,https://www.newindianexpress.com/cities/bengaluru,1,Asian Games 2026,https://www.newindianexpress.com/topic/asian-games-2026,2026-10-05T14:11:24+00:00
Bengaluru,DC,Bengaluru • DC,https://www.deccanchronicle.com/location/india/karnataka/bengaluru,1,Opinion and Editorials,https://www.deccanchronicle.com/opinion,2026-10-05T14:11:24+00:00
Mumbai,Sakal,Mumbai • Sakal,https://www.esakal.com/pune,1,सकाळ लाईव्ह TV,https://www.esakal.com/live-tv,2026-10-05T14:11:24+00:00
Mumbai,Sakal,Mumbai • Sakal,https://www.esakal.com/pune,2,Refund and Cancellation,https://www.esakal.com/refund-and-cancellation,2026-10-05T14:11:24+00:00
Mumbai,Lokmat,Mumbai • Lokmat,https://www.lokmat.com/city/,1,Live News in Marathi,https://www.lokmat.com/live-news/,2026-10-05T14:11:24+00:00
Mumbai,Lokmat,Mumbai • Lokmat,https://www.lokmat.com/city/,2,"‘दादांचे नाव घेऊन राजकीय फायदा घेऊ नका’, उपमुख्यमंत्री सुनेत्रा पवार यांचा विरोधकांवर निशाणा",https://www.lokmat.com/pune/dont-take-political-advantage-by-using-ajit-pawar-name-deputy-chief-minister-sunetra-pawar-targets-opponents-a-a727/,2026-10-05T14:11:24+00:00
Mumbai,Lokmat,Mumbai • Lokmat,https://www.lokmat.com/city/,3,Pune Metro: गर्दीच्या वेळेत मेट्रो दर ५ मिनिटांनी; प्रवाशांची संख्या आणखी वाढल्यास ही वारंवारता कमी करणार,https://www.lokmat.com/pune/metro-runs-every-5-minutes-during-rush-hour-frequency-will-be-reduced-if-passenger-numbers-increase-further-a-a727/,2026-10-05T14:11:24+00:00
Mumbai,Lokmat,Mumbai • Lokmat,https://www.lokmat.com/city/,4,"MPSC आयोगाला भिडणारा, आंदोलन गाजवणारा विवेकानंद पाटील कोण? कसा वाटला कोल्हापुरी ठसका...",https://www.lokmat.com/maharashtra/vivekanand-patil-mpsc-speech-who-is-vivekananda-patil-is-he-raising-the-mpsc-movement-how-did-you-feel-about-the-kolhapuri-thrashing-a-a607/,2026-10-05T14:11:24+00:00
Mumbai,Lokmat,Mumbai • Lokmat,https://www.lokmat.com/city/,5,"मद्यप्राशन केल्यानंतर दोघांमध्ये वाद! डोक्यात दगड घालून तरुणाचा खून, गोकुळनगर येथील घटना",https://www.lokmat.com/pune/argument-between-two-after-drinking-alcohol-youth-murdered-by-throwing-stone-at-head-incident-in-gokulnagar-a-a727/,2026-10-05T14:11:24+00:00
Mumbai,Lokmat,Mumbai • Lokmat,https://www.lokmat.com/city/,6,"मोठी बातमी! राज ठाकरे पुण्याकडे यायला निघाले; MPSC आंदोलनाचा वणवा पेटला, विद्यार्थ्यांची घेणार भेट",https://www.lokmat.com/maharashtra/raj-thackeray-mpsc-pune-protest-big-news-raj-thackeray-leaves-for-pune-mpsc-agitation-flares-up-will-meet-students-a-a607/,2026-10-05T14:11:24+00:00
Mumbai,Lokmat,Mumbai • Lokmat,https://www.lokmat.com/city/,7,"""विद्यार्थ्यांच्या भवितव्यावर स्वतःची राजकीय पोळी भाजण्याचा प्रयत्न""; राज ठाकरेंच्या MPSC विद्यार्थ्यांच्या भेटीवर भाजप आमदार अतुल भातखळकरांचा हल्लाबोल",https://www.lokmat.com/mumbai/attempt-to-burn-ones-own-political-stake-on-the-future-of-students-bjp-mla-atul-bhatkhalkar-attacks-raj-thackerays-visit-to-mpsc-students-a-a941/,2026-10-05T14:11:24+00:00
Mumbai,Lokmat,Mumbai • Lokmat,https://www.lokmat.com/city/,8,"भाजपाची मोठी तयारी; प्रत्येक मतदारसंघात होणार १० पथनाट्ये, मोदींनी घेतलेले निर्णय लोकांपर्यंत पोहोचवणार",https://www.lokmat.com/mumbai/bjps-big-preparations-10-street-plays-will-be-held-in-each-constituency-modis-decisions-will-be-conveyed-to-the-people-a-a941/,2026-10-05T14:11:24+00:00
Mumbai,Lokmat,Mumbai • Lokmat,https://www.lokmat.com/city/,9,"मुंबईत गार्डनमध्ये संतापजनक प्रकार! ड्रगच्या ओव्हरडोसमुळे तरुणाचा मृत्यू, बाजुलाच मित्र करत होते नशा",https://www.lokmat.com/mumbai/suspicious-death-of-20-year-old-youth-due-to-drug-overdose-in-malad-serious-charges-against-friends-four-arrested-a-a1001/,2026-10-05T14:11:24+00:00
Mumbai,Lokmat,Mumbai • Lokmat,https://www.lokmat.com/city/,10,सिगारेट ओढणाऱ्या मित्रांपासून दूर राहा! ‘स्मोकर’जवळ थांबणेही धोक्याचे; ‘पॅसिव्ह स्मोकिंग’मुळे मृत्यू वाढले,https://www.lokmat.com/mumbai/stay-away-from-friends-who-smoke-cigarettes-staying-near-a-smoker-is-also-dangerous-deaths-increased-due-to-passive-smoking-a-a629/,2026-10-05T14:11:24+00:00
Mumbai,Lokmat,Mumbai • Lokmat,https://www.lokmat.com/city/,11,"Vidarbha Drought : दुष्काळ फक्त शेतात नाही, शेतकऱ्याच्या जगण्यात आहे!",https://www.lokmat.com/nagpur/vidarbha-drought-instead-of-hearing-about-the-same-problems-and-the-same-complaints-every-year-concrete-measures-should-be-taken-to-address-of-farmer-farming-a-a1015-c1020/,2026-10-05T14:11:24+00:00
Mumbai,Lokmat,Mumbai • Lokmat,https://www.lokmat.com/city/,12,"Chandrashekhar Bawankule : ""कोरोनापेक्षा राज्यातील दुष्काळाचे संकट मोठे, उत्सवांवरील खर्च टाळा""! बावनकुळेंनी कार्यकर्त्यांना काय सांगितलं?",https://www.lokmat.com/nagpur/chandrashekhar-bawankule-the-drought-crisis-in-the-state-is-bigger-than-corona-avoid-spending-on-festivals-what-did-bawankule-tell-the-workers-nagpur-a-a382-c1020/,2026-10-05T14:11:24+00:00
Mumbai,Lokmat,Mumbai • Lokmat,https://www.lokmat.com/city/,13,"Vidhan Parishad Election : पदवीधर निवडणुकीचे वेध,... यांनी भरले अर्ज...सोमवारी अर्ज भरताना राजकीय शक्तीप्रदर्शन",https://www.lokmat.com/nagpur/vidhan-parishad-election-graduate-election-outlook-nagpur-filed-applicationsshow-of-political-power-while-filing-applications-on-monday-a-a382-c1020/,2026-10-05T14:11:24+00:00
Mumbai,Lokmat,Mumbai • Lokmat,https://www.lokmat.com/city/,14,Nagpur Sub District Hospital : १२२ कोटींच्या उपजिल्हा रुग्णालयाला मंजुरी ! नागपुरात साकारणार अद्ययावत 'जी प्लस २',https://www.lokmat.com/nagpur/nagpur-sub-district-hospital-approval-for-rs-122-crore-sub-district-hospital-updated-g-plus-2-to-be-built-in-nagpur-a-a1020/,2026-10-05T14:11:24+00:00
Mumbai,Lokmat,Mumbai • Lokmat,https://www.lokmat.com/city/,15,"अवघ्या २० रुपयांच्या वादातून वृद्धाची हत्या; नागपूरमधील खळबळजनक घटना, आरोपीला अटक",https://www.lokmat.com/crime/nagpur-elderly-man-murdered-over-a-dispute-over-just-rs-20-sensational-incident-in-nagpur-accused-arrested-a-a1012/,2026-10-05T14:11:24+00:00
Mumbai,Lokmat,Mumbai • Lokmat,https://www.lokmat.com/city/,16,अभिमानास्पद! सलग १४ तास ३५ मिनिटं पोहत मराठमोळ्या दिव्या महाजनने पार केलं 'इंग्लिश चॅनल',https://www.lokmat.com/nashik/divya-mahajan-creates-history-by-becoming-the-youngest-ever-to-swim-across-the-english-channel-a-a597/,2026-10-05T14:11:24+00:00
Mumbai,Lokmat,Mumbai • Lokmat,https://www.lokmat.com/city/,17,"इन्स्टावरील ओळख पडली महागात; धर्मांतरासाठी दबाव, फोटो व्हायरलची धमकी देत मागितले ५ लाख",https://www.lokmat.com/nashik/recognition-on-instagram-cost-money-pressure-to-convert-demanding-rs-5-lakhs-by-threatening-to-make-photo-viral-in-nashik-a-a597/,2026-10-05T14:11:24+00:00
Mumbai,Lokmat,Mumbai • Lokmat,https://www.lokmat.com/city/,18,'गर्जना मोर्चा' बेकायदा; उद्धव आणि राज ठाकरेंना अटक करा! ॲड. गुणरत्न सदावर्ते यांची खळबळजनक मागणी,https://www.lokmat.com/maharashtra/gunaratna-sadavarte-on-garjana-morcha-garjana-morcha-is-illegal-arrest-uddhav-and-raj-thackeray-adv-gunaratna-sadavartes-sensational-demand-a-a607/,2026-10-05T14:11:24+00:00
Mumbai,Lokmat,Mumbai • Lokmat,https://www.lokmat.com/city/,19,"नाशिक टीसीएस प्रकरणातील आरोपी निदा खानला मोठा धक्का; पतीकडून घटस्फोटाची मागणी, कोर्टाचे वॉरंट जारी!",https://www.lokmat.com/nashik/nashik-tcs-case-accused-nida-khan-gets-a-big-blow-husband-demands-divorce-court-warrant-issued-a-a1013/,2026-10-05T14:11:24+00:00
Mumbai,Lokmat,Mumbai • Lokmat,https://www.lokmat.com/city/,20,वाढदिवशीच लेकीला बळजबरीने पळवण्याचा प्रयत्न; नाशिकमधील थरार अन् संशयिताला नागरिकांचा चोप!,https://www.lokmat.com/nashik/attempt-to-kidnap-five-year-old-girl-at-nashik-road-following-a-family-dispute-suspect-detained-a-a1001/,2026-10-05T14:11:24+00:00
Mumbai,Lokmat,Mumbai • Lokmat,https://www.lokmat.com/city/,21,Pune Teachers-Graduates Constituencies Election: 'शिक्षक' आणि 'पदवीधर' निवडणुकीत कोल्हापूरच राहणार ‘पॉवर सेंटर’,https://www.lokmat.com/maharashtra/kolhapur-to-remain-the-power-center-in-the-pune-teachers-and-graduates-constituency-elections-a-a746/,2026-10-05T14:11:24+00:00
Mumbai,Lokmat,Mumbai • Lokmat,https://www.lokmat.com/city/,22,"Kolhapur: लॉजिंगच्या आडाने अनैतिकतेचा विळखा: नियमांना केराची टोपली, पर्यटनाच्या नावावर काळा बाजार",https://www.lokmat.com/kolhapur/a-trade-of-immorality-thriving-under-the-guise-of-the-lodging-business-at-tourist-and-religious-sites-in-kolhapur-district-a-a746/,2026-10-05T14:11:24+00:00
Mumbai,Lokmat,Mumbai • Lokmat,https://www.lokmat.com/city/,23,"कोल्हापुरातील रंकाळ्यावरील कारंजाचा आवाज शंभर डेसिबलपार!, ध्वनिप्रदूषणाच्या नियमांच्या पालनाबाबत प्रश्न",https://www.lokmat.com/kolhapur/the-sound-of-the-fountain-at-rankala-in-kolhapur-is-over-a-hundred-decibels-questions-about-compliance-with-noise-pollution-rules-a-a746/,2026-10-05T14:11:24+00:00
Mumbai,Lokmat,Mumbai • Lokmat,https://www.lokmat.com/city/,24,"Kolhapur-Gokul Election: राष्ट्रवादीकडे जागा आठ; कोणाचा पत्ता कटणार, कोणाची लॉटरी लागणार?",https://www.lokmat.com/kolhapur/ncp-secures-eight-seats-in-gokul-election-who-will-hit-the-jackpot-a-a746/,2026-10-05T14:11:24+00:00
Mumbai,Lokmat,Mumbai • Lokmat,https://www.lokmat.com/city/,25,"धुक्यातून अचानक अवतरला वाघोबा; उदगिरीच्या रस्त्याकडेला दिसतोय वावर, पर्यटकांच्या कॅमेऱ्यात कैद",https://www.lokmat.com/sangli/tourists-spotted-a-tiger-at-udgiri-in-shahuwadi-taluka-in-the-vicinity-of-chandoli-national-park-a-a746/,2026-10-05T14:11:24+00:00
Mumbai,Lokmat,Mumbai • Lokmat,https://www.lokmat.com/city/,26,Sangli District Bank Election: जिल्हा बँकेच्या पटावर ‘अंजनी विरुद्ध चिंचणी’चा सामना!,https://www.lokmat.com/sangli/possibility-of-a-face-off-between-sanjaykaka-and-sumantai-patil-in-tasgaon-during-the-sangli-district-bank-election-a-a746/,2026-10-05T14:11:24+00:00
Mumbai,Lokmat,Mumbai • Lokmat,https://www.lokmat.com/city/,27,"जिल्हा-राज्य स्पर्धांमध्ये नशेच्या इंजेक्शनचा धोकादायक वापर, ‘परफॉर्मन्स’ वाढवण्यासाठी अनेक खेळाडू नशेच्या आहारी",https://www.lokmat.com/maharashtra/dangerous-use-of-drug-injections-in-district-state-competitions-many-players-addicted-to-drugs-to-enhance-performance-a-a997-c746/,2026-10-05T14:11:24+00:00
Mumbai,Lokmat,Mumbai • Lokmat,https://www.lokmat.com/city/,28,"कारागृहातील प्रेमीयुगुल विवाहबंधनात अडकणार, कर्नाटक उच्च न्यायालयाची संमती",https://www.lokmat.com/national/karnataka-high-court-approves-marriage-of-jailed-lovers-a-a746/,2026-10-05T14:11:24+00:00
Mumbai,Lokmat,Mumbai • Lokmat,https://www.lokmat.com/city/,29,सांगली जिल्ह्यातील पेट्रोलच्या विहिरीचं गुढ वाढलं..प्रशासन बुचकळ्यात पडलं,https://www.lokmat.com/sangli/the-mystery-of-the-petrol-well-in-sangli-district-has-deepened-the-administration-is-in-a-quandary-a-a746/,2026-10-05T14:11:24+00:00
Mumbai,Lokmat,Mumbai • Lokmat,https://www.lokmat.com/city/,30,सातारा जिल्ह्यात वृक्षलागवडीचे उद्दिष्ट निम्मेही पूर्ण नाही; जलसंधारणसह राष्ट्रीय महामार्गची पाटी पूर्ण कोरी,https://www.lokmat.com/satara/the-target-of-tree-plantation-in-satara-district-is-not-even-half-achieved-the-roadbed-of-the-national-highway-including-water-conservation-is-completely-empty-a-a947-c746/,2026-10-05T14:11:24+00:00
Mumbai,Lokmat,Mumbai • Lokmat,https://www.lokmat.com/city/,31,Satara: वयाच्या दहाव्या वर्षी 'ते' पाण्यात उतरले अन् ७० वर्षे मृतदेह बाहेर काढतच राहिले !; बाबासाहेब गोसावी यांचा संघर्षमय प्रवास.. वाचा सविस्तर,https://www.lokmat.com/satara/babasaheb-ananda-chavan-alias-baba-gosavi-from-satara-district-has-retrieved-over-a-hundred-bodies-to-date-a-task-he-has-been-performing-since-the-age-of-ten-spanning-a-period-of-70-years-a-a746/,2026-10-05T14:11:24+00:00
Mumbai,Lokmat,Mumbai • Lokmat,https://www.lokmat.com/city/,32,Satara News: भरधाव दुचाकीची दुचाकीला धडक; महिला पोलिसासह चौघे जखमी,https://www.lokmat.com/satara/four-people-including-a-policewoman-injured-in-a-collision-between-speeding-two-wheelers-in-karad-satara-a-a746/,2026-10-05T14:11:24+00:00
Mumbai,Lokmat,Mumbai • Lokmat,https://www.lokmat.com/city/,33,"Satara: ‘त्या’ बिबट्याला पकडण्यासाठी लावले पिंजरे, ड्रोनच्या साह्याने नजर; मृत चिमुकल्याच्या वडिलांना १० लाखांची मदत",https://www.lokmat.com/satara/cages-set-up-to-catch-leopard-in-satara-rs-10-lakh-assistance-to-the-father-of-the-dead-toddler-a-a746/,2026-10-05T14:11:24+00:00
Mumbai,Lokmat,Mumbai • Lokmat,https://www.lokmat.com/city/,34,"Satara: रहिमतपूरच्या महिला शेतकरी प्रमाणपत्रापासून वंचित, नियमात बदल करण्याची गरज",https://www.lokmat.com/satara/even-as-the-process-of-issuing-farmer-certificates-intended-to-grant-legal-recognition-within-the-agricultural-sector-is-underway-women-residing-in-the-municipal-council-or-municipal-corporation-areas-of-satara-are-being-left-out-a-a746/,2026-10-05T14:11:24+00:00
Mumbai,Lokmat,Mumbai • Lokmat,https://www.lokmat.com/city/,35,पीक पंचनाम्यावर आता शेतकऱ्यांची घेणार सही ! पिकांच्या पंचनाम्यात काय असतील नोंदी?,https://www.lokmat.com/akola/farmers-signatures-will-now-be-taken-on-the-crop-panchnama-what-will-be-the-entries-in-the-crop-panchnama-a-a1000/,2026-10-05T14:11:24+00:00
Mumbai,Lokmat,Mumbai • Lokmat,https://www.lokmat.com/city/,36,एका दिवसात २०१ ई-पुस्तकांच्या प्रकाशनाचा विश्वविक्रम; प्रत्येक पुस्तकाला स्वतंत्र 'आयएसबीएन',https://www.lokmat.com/akola/world-record-of-publishing-201-e-books-in-a-single-day-each-book-has-a-separate-isbn-a-a1000/,2026-10-05T14:11:24+00:00
Mumbai,Lokmat,Mumbai • Lokmat,https://www.lokmat.com/city/,37,"बँक कर्मचारी वैभव कोल्हेनेच लॉकर केले साफ, कोट्यवधीचे सोनं कसे चोरले? अकोल्यातील घटना",https://www.lokmat.com/akola/akola-crime-bank-employee-vaibhav-kolhe-cleaned-the-locker-how-did-he-steal-gold-worth-crores-incident-in-akola-a-a571/,2026-10-05T14:11:24+00:00
Mumbai,Lokmat,Mumbai • Lokmat,https://www.lokmat.com/city/,38,अकोल्यात मित्रच बनले काळाचे दूत! २२ वर्षीय मुन्ना जाधवची मित्रांनीच केली हत्या; तिघेही पोलिसांच्या ताब्यात,https://www.lokmat.com/akola/crime-news-friends-became-messengers-of-time-in-akola-22-year-old-munna-jadhav-was-murdered-by-his-friends-all-three-are-in-police-custody-a-a941/,2026-10-05T14:11:24+00:00
Mumbai,Lokmat,Mumbai • Lokmat,https://www.lokmat.com/city/,39,"धनुष्यबाण चिन्ह गोठवणार?, दोन्ही सेनेच्या भांडणाचा फायदा...; प्रकाश आंबेडकरांचा मोठा दावा",https://www.lokmat.com/maharashtra/will-the-bow-and-arrow-symbol-be-frozen-benefit-from-the-fight-between-the-two-shiv-sena-to-bjp-prakash-ambedkars-big-claim-a-a629/,2026-10-05T14:11:24+00:00
Mumbai,Lokmat,Mumbai • Lokmat,https://www.lokmat.com/city/,40,"ठाकरे गटाला मोठा धक्का! उपनेते शरद कोळीला अटक; तब्बल १ वर्षासाठी येरवडा कारागृहात रवानगी, नेमकं कारण काय?",https://www.lokmat.com/solapur/shiv-sena-thackeray-group-deputy-leader-sharad-koli-arrested-sent-to-yerwada-jail-for-1-year-what-is-the-real-reason-a-a941/,2026-10-05T14:11:24+00:00
Mumbai,Lokmat,Mumbai • Lokmat,https://www.lokmat.com/city/,41,"हद्द झाली...! दुष्काळ पाहणीला गेलेल्या पालकमंत्र्यांना दिसली हिरवीगार शेती; अधिकाऱ्यांची भंबेरी, थेट ठिकाण बदलण्याची नामुष्की!",https://www.lokmat.com/maharashtra/drought-inspection-jaykumar-gore-the-limit-has-been-reached-the-guardian-minister-who-went-to-inspect-the-drought-saw-green-fields-the-officials-were-embarrassed-they-had-to-change-the-place-immediately-a-a607/,2026-10-05T14:11:24+00:00
Mumbai,Lokmat,Mumbai • Lokmat,https://www.lokmat.com/city/,42,गाडी पार्किंगच्या वादात मध्यस्थी करण्यास गेलेल्या तरुणाचा चाकूने भोसकून खून,https://www.lokmat.com/solapur/a-young-man-who-went-to-mediate-in-a-parking-dispute-was-stabbed-to-death-a-a1001/,2026-10-05T14:11:24+00:00
Mumbai,Lokmat,Mumbai • Lokmat,https://www.lokmat.com/city/,43,"""हे गाव माझं, मी विकू देणार नाही""; जिल्हाधिकाऱ्यांच्या मध्यस्थीनंतर तुळशी गावातील 'गाव विक्री'चा फलक हटवला; पाण्याचा प्रश्न मार्गी लागणार",https://www.lokmat.com/solapur/this-village-is-mine-i-will-not-let-it-be-sold-after-the-intervention-of-the-district-collector-the-village-for-sale-board-in-tulshi-village-was-removed-the-water-issue-will-be-resolved-a-a941/,2026-10-05T14:11:24+00:00
Mumbai,Lokmat,Mumbai • Lokmat,https://www.lokmat.com/city/,44,अहिल्यानगर जिल्हा बँक निवडणूक : शक्तीप्रदर्शनानंतर प्रा. राम शिंदेंची निवडणुकीतून अनपेक्षित माघार,https://www.lokmat.com/ahilyanagar/ahilyanagar-district-bank-election-the-issue-of-the-third-child-became-a-problem-after-a-show-of-strength-prof-ram-shinde-unexpectedly-withdrew-from-the-election-a-a607/,2026-10-05T14:11:24+00:00
Mumbai,Lokmat,Mumbai • Lokmat,https://www.lokmat.com/city/,45,अहिल्यानगरमध्ये रत्नागिरी-ठाण्याची पुनरावृत्ती; आमदारांच्या उमेदवारीचा पत्ता कापणार?,https://www.lokmat.com/ahilyanagar/district-bank-election-ratnagiri-thana-repeat-in-ahilyanagar-will-the-mlas-candidature-address-be-cut-a-a571/,2026-10-05T14:11:24+00:00
Mumbai,Lokmat,Mumbai • Lokmat,https://www.lokmat.com/city/,46,"नवी बाईक घेऊन नातेवाइकांना भेटायला निघालेल्या तीन भावांचा अपघाती मृत्यू, अज्ञात वाहनाने दिली धडक",https://www.lokmat.com/ahilyanagar/three-brothers-killed-in-tragic-road-accident-on-nevasa-shrirampur-road-while-riding-new-motorcycle-a-a1001/,2026-10-05T14:11:24+00:00
Mumbai,Lokmat,Mumbai • Lokmat,https://www.lokmat.com/city/,47,अहिल्यानगरमध्ये खळबळ! मजुरीसाठी आलेल्या तरुण-तरुणीची शेतात गळफास घेऊन सामूहिक आत्महत्या,https://www.lokmat.com/ahilyanagar/ahilyanagar-couple-found-dead-in-shrigonda-farm-days-after-arriving-for-labor-work-a-a1001/,2026-10-05T14:11:24+00:00
Mumbai,Lokmat,Mumbai • Lokmat,https://www.lokmat.com/city/,48,"पूजा खेडकरच्या वडिलांकडे १३ कोटींची बेहिशेबी संपत्ती; कागदोपत्री घटस्फोट, संपत्तीत भागीदार...",https://www.lokmat.com/ahilyanagar/pooja-khedkars-father-has-unaccounted-wealth-of-rs-13-crore-a-a597/,2026-10-05T14:11:24+00:00
Mumbai,Lokmat,Mumbai • Lokmat,https://www.lokmat.com/city/,49,"भाजपाला मोठा धक्का; जळगावमधील नेत्यांचा पक्षाला रामराम, बीडमध्येही काँग्रेसची ताकद वाढली",https://www.lokmat.com/maharashtra/big-blow-to-bjp-leaders-in-jalgaon-left-the-party-congress-strength-increased-in-beed-a-a719/,2026-10-05T14:11:24+00:00
Mumbai,Lokmat,Mumbai • Lokmat,https://www.lokmat.com/city/,50,"जळगावातील भंगार बाजार जमीनदोस्त; महापालिकेची धाडसी कारवाई, न्यायालयाचे ‘जैसे थे’चे आदेश",https://www.lokmat.com/jalgaon/jalgaon-scrap-market-razed-to-the-ground-municipal-corporations-bold-action-a-a354-c719/,2026-10-05T14:11:24+00:00
Mumbai,Lokmat,Mumbai • Lokmat,https://www.lokmat.com/city/,51,"जळगावात भिलपुरा चौकातील दर्ग्यावर महापौर, जिल्हाधिकाऱ्यांच्या हस्ते मानाची चादर अर्पण",https://www.lokmat.com/jalgaon/mayor-district-collector-offer-chadar-of-honor-at-dargah-in-bhilpura-chowk-in-jalgaon-a-a354-c1013/,2026-10-05T14:11:24+00:00
Mumbai,Lokmat,Mumbai • Lokmat,https://www.lokmat.com/city/,52,"विसर्जन मिरवणूक पाहण्यासाठी गणेश भक्तांची उसळली गर्दी, आठ तासात एक किलोमीटर अंतरातून १२ मंडळ मार्गस्थ",https://www.lokmat.com/jalgaon/a-huge-crowd-of-ganesh-devotees-gathered-to-watch-the-immersion-procession-12-processions-covered-a-distance-of-one-kilometer-in-eight-hours-a-a571/,2026-10-05T14:11:24+00:00
Mumbai,Lokmat,Mumbai • Lokmat,https://www.lokmat.com/city/,53,"जळगावात मानाच्या गणपतीचे महापौरांच्या संकल्पनेनुसार विसर्जन, २३ वर्षांत प्रथमच महापौर व नगरसेवकांचा मिरवणुकीत सहभाग",https://www.lokmat.com/jalgaon/immersion-of-the-venerable-ganesha-idol-in-jalgaon-as-per-the-mayors-concept-for-the-first-time-in-23-years-the-mayor-and-corporators-participated-in-the-procession-a-a571/,2026-10-05T14:11:24+00:00
Mumbai,Lokmat,Mumbai • Lokmat,https://www.lokmat.com/city/,54,"गोव्यातून केंद्र सरकारला तब्बल १,१४३.८४ कोटींचा जीएसटी महसूल; जनजागृती मोहिमेला वेग",https://www.lokmat.com/goa/central-govt-gets-gst-revenue-of-1143-crore-from-goa-state-public-awareness-campaign-gains-momentum-a-a719/,2026-10-05T14:11:24+00:00
Mumbai,Lokmat,Mumbai • Lokmat,https://www.lokmat.com/city/,55,दसरा-दिवाळीत गोमंतकीय शेतकऱ्यांच्या झेंडू फुलांचा बाजारात सुगंध दरवळणार; १०० हेक्टरी लागवड,https://www.lokmat.com/goa/marigold-flowers-from-goa-farmers-will-be-fragrant-in-the-market-during-dussehra-diwali-2026-this-year-planted-on-100-hectares-a-a719/,2026-10-05T14:11:24+00:00
Mumbai,Lokmat,Mumbai • Lokmat,https://www.lokmat.com/city/,56,सुनावणीशिवाय नावे मतदारयादीतून का वगळली? मुंबई हायकोर्टाच्या गोवा खंडपीठाकडून ताशेरे,https://www.lokmat.com/goa/goa-sir-row-bombay-high-court-says-draft-voter-roll-cannot-be-basis-for-deleting-names-a-a1012/,2026-10-05T14:11:24+00:00
Mumbai,Lokmat,Mumbai • Lokmat,https://www.lokmat.com/city/,57,फुटिरांना काँग्रेसची दारे बंदच राहणार: गिरीश चोडणकर,https://www.lokmat.com/goa/congress-doors-will-remain-closed-to-dissidents-said-girish-chodankar-a-a719/,2026-10-05T14:11:24+00:00
Mumbai,Lokmat,Mumbai • Lokmat,https://www.lokmat.com/city/,58,"टंचाई नाही, वापर जपून करा; मंत्री सुभाष फळदेसाई यांचे आवाहन, साळावलीत पुरेसा पाणीसाठा",https://www.lokmat.com/goa/there-is-no-shortage-use-it-wisely-minister-subhash-phaldesai-appeal-a-a719/,2026-10-05T14:11:24+00:00
Mumbai,Lokmat,Mumbai • Lokmat,https://www.lokmat.com/city/,59,ठाकरे बंधूंची 'गर्जना',https://www.lokmat.com/topics/raj-thackeray/,2026-10-05T14:11:24+00:00
Mumbai,Lokmat,Mumbai • Lokmat,https://www.lokmat.com/city/,60,'कॉक्रोच' काय करणार?,https://www.lokmat.com/topics/cockroach-janata-party/,2026-10-05T14:11:24+00:00
Mumbai,Lokmat,Mumbai • Lokmat,https://www.lokmat.com/city/,61,...अन् 'स्मित'हास्य फुलले,https://www.lokmat.com/topics/airplane/,2026-10-05T14:11:24+00:00
Mumbai,Lokmat,Mumbai • Lokmat,https://www.lokmat.com/city/,62,CM देवेंद्र फडणवीस,https://www.lokmat.com/topics/devendra-fadnavis/,2026-10-05T14:11:24+00:00
Mumbai,Lokmat,Mumbai • Lokmat,https://www.lokmat.com/city/,63,PM नरेंद्र मोदी,https://www.lokmat.com/topics/narendra-modi/,2026-10-05T14:11:24+00:00
Mumbai,Lokmat,Mumbai • Lokmat,https://www.lokmat.com/city/,64,रशियातून कोरोनापेक्षाही १००० पटीने खतरनाक 'न्यूमोनिक प्लेग' व्हायरस लीक; भारतीयांना कितपत धोका?,https://www.lokmat.com/international/pneumonic-plague-virus-1000-times-more-dangerous-than-corona-leaked-from-russia-how-dangerous-is-it-for-indians-know-more-a-a747/,2026-10-05T14:11:24+00:00
Mumbai,Lokmat,Mumbai • Lokmat,https://www.lokmat.com/city/,65,"VIDEO: खतरनाक! धावती ट्रेन पकडताना प्रवाशाचा पाय सटकला, रेल्वे पोलिसाने पटकन शर्ट खेचला...",https://www.lokmat.com/social-viral/viral-video-railway-police-saved-life-of-commuter-who-was-trying-to-board-running-train-almsot-trapped-between-platform-and-railway-social-media-a-a747/,2026-10-05T14:11:24+00:00
Mumbai,Lokmat,Mumbai • Lokmat,https://www.lokmat.com/city/,66,"मोठी दुर्घटना! कांगो नदीत २ बोटींची जोरदार धडक; ३० जणांचा मृत्यू, अनेक जण बेपत्ता",https://www.lokmat.com/international/boat-collision-on-congo-river-killed-at-least-30-dozens-missing-congolese-officials-say-a-a597/,2026-10-05T14:11:24+00:00
Mumbai,Lokmat,Mumbai • Lokmat,https://www.lokmat.com/city/,67,जर कॅप्टन स्मित दरवाजा उघडण्यास असमर्थ ठरला असता तर...; इस्रायलने सर्वात कठोर निर्णय घेतला असता...,https://www.lokmat.com/international/flydubai-news-if-captain-smit-had-been-unable-to-open-the-door-israel-would-have-taken-the-harshest-decision-of-missile-attack-a-a607/,2026-10-05T14:11:24+00:00
Mumbai,Lokmat,Mumbai • Lokmat,https://www.lokmat.com/city/,68,आणखी एक युद्ध सुरु झाले...! सौदीने १०० लढाऊ विमानांनी येमेनच्या हद्दीत हल्ले चढविले; विमानतळ हुथींच्या तावडीतून सोडविला,https://www.lokmat.com/international/operation-dawn-of-yemen-another-war-has-begun-saudi-arabia-launched-100-fighter-jets-into-yemeni-territory-airport-liberated-from-houthis-grip-a-a607/,2026-10-05T14:11:24+00:00
Mumbai,Lokmat,Mumbai • Lokmat,https://www.lokmat.com/city/,69,कार विक्रीत मोठा उलटफेर! महिंद्राने टाटा मोटर्सला टाकले मागे; दुसरा नंबर गमावला...,https://www.lokmat.com/auto/car-sales-september-2026-big-turnaround-in-car-sales-mahindra-overtakes-tata-motors-loses-second-position-a-a607/,2026-10-05T14:11:24+00:00
Mumbai,Lokmat,Mumbai • Lokmat,https://www.lokmat.com/city/,70,"समोर पोलार्ड... गोलंदाज जोरात पळत आला, वाटले बाऊंसरच...; वाईड टाकला अन् 'षटकार' झाला... पण... Video!",https://www.lokmat.com/cricket/news/canada-super60-wide-ball-with-six-video-pollard-in-front-the-bowler-came-running-hard-thought-it-was-a-bouncer-he-bowled-it-wide-and-it-was-a-six-a-a607/,2026-10-05T14:11:24+00:00
Mumbai,Lokmat,Mumbai • Lokmat,https://www.lokmat.com/city/,71,"पाकिस्तानातील सत्ताधाऱ्यांमध्ये खळबळ...! हजारो लोक इस्लामाबादकडे कूच करू लागले, संसद परिसराला कंटेनर्सचे कुंपण",https://www.lokmat.com/international/imran-khan-release-pti-long-march-excitement-among-the-rulers-of-pakistan-thousands-of-people-started-marching-towards-islamabad-the-parliament-premises-were-surrounded-by-containers-a-a607/,2026-10-05T14:11:24+00:00
Mumbai,Lokmat,Mumbai • Lokmat,https://www.lokmat.com/city/,72,"अमेरिकेत ट्रम्प मध्यावधी निवडणूक हरणार? रिपब्लिकन नेते अंतर ठेवू लागले, साधा फोटोही वापरेनात...",https://www.lokmat.com/international/donald-trump-approval-rating-2026-will-trump-lose-the-midterm-elections-in-america-republican-leaders-are-starting-to-keep-their-distance-they-wont-even-use-a-simple-photo-a-a607/,2026-10-05T14:11:24+00:00
Mumbai,Lokmat,Mumbai • Lokmat,https://www.lokmat.com/city/,73,अमेरिकेची मोठी माघार! ब्रिटनच्या एअरबेसवरून सर्व १२ घातक 'B-1' बॉम्बर्स तातडीने हटवले,https://www.lokmat.com/international/us-b1-bombers-uk-airbase-americas-big-retreat-all-12-deadly-b-1-bombers-immediately-removed-from-british-airbase-a-a607/,2026-10-05T14:11:24+00:00
Mumbai,Lokmat,Mumbai • Lokmat,https://www.lokmat.com/city/,74,"""सरन्यायाधीशांना जे करायचे ते करू द्या, फरक पडत नाही""; 'CJP'चा सर्वोच्च न्यायालयाच्या भूमिकेवर आक्षेप",https://www.lokmat.com/national/let-the-chief-justice-do-whatever-he-wants-it-doesnt-matter-cjp-objects-to-supreme-courts-stance-a-a941/,2026-10-05T14:11:24+00:00
Mumbai,Lokmat,Mumbai • Lokmat,https://www.lokmat.com/city/,75,"भारतात 4G स्मार्टफोन पुन्हा येऊ लागले! साध्यासुध्याच नाही, बड्या कंपन्याही आणू लागल्या; मोठा खुलासा",https://www.lokmat.com/tech/4g-smartphones-comeback-india-marathi-4g-smartphones-are-making-a-strong-comeback-in-india-not-just-simple-ones-big-companies-have-also-started-bringing-them-big-revelation-a-a607/,2026-10-05T14:11:24+00:00
Mumbai,Lokmat,Mumbai • Lokmat,https://www.lokmat.com/city/,76,पंजाब CMO मधील भ्रष्टाचार प्रकरणाची आता 'CBI' चौकशी! पंजाब-हरियाणा उच्च न्यायालयाचे मोठे आदेश; दोन महिन्यांची मुदत,https://www.lokmat.com/national/punjab-cmo-corruption-case-cbi-to-probe-alleged-corruption-case-in-punjab-cmo-punjab-haryana-high-court-orders-two-months-time-a-a607/,2026-10-05T14:11:24+00:00
Mumbai,Lokmat,Mumbai • Lokmat,https://www.lokmat.com/city/,77,वैद्यकशास्त्रातील नोबेल पुरस्कार जाहीर! 'या' महत्वपूर्ण संशोधनासाठी ३ शास्त्रज्ञांना जगातील सर्वोच्च सन्मान,https://www.lokmat.com/international/medicine-nobel-prize-2026-announced-3-scientists-karl-deisseroth-peter-hegemann-georg-nagel-a-a653/,2026-10-05T14:11:24+00:00
Mumbai,Lokmat,Mumbai • Lokmat,https://www.lokmat.com/city/,78,उत्तर प्रदेशात भाजपचा मोठा राजकीय धक्का! राज्यसभेच्या ८ उमेदवारांची यादी जाहीर; हरदीप सिंह पुरींचा पत्ता कट,https://www.lokmat.com/national/bjps-big-political-blow-in-uttar-pradesh-list-of-8-rajya-sabha-candidates-announced-hardeep-singh-puris-address-cut-a-a941/,2026-10-05T14:11:24+00:00
Mumbai,Lokmat,Mumbai • Lokmat,https://www.lokmat.com/city/,79,"भारत-स्वित्झर्लंड संबंधांना नवी दिशा; गुंतवणूक, व्यापार आणि संरक्षण क्षेत्रात मोठे करार",https://www.lokmat.com/business/news/india-switzerland-deal-new-direction-for-india-switzerland-relations-major-agreements-in-investment-trade-and-defense-sectors-a-a732/,2026-10-05T14:11:24+00:00
Mumbai,Lokmat,Mumbai • Lokmat,https://www.lokmat.com/city/,80,"""घरी ये, कुठली मिठाई देणार...""; महिला कर्मचाऱ्याला अश्लील मेसेज पाठवणाऱ्या अधिकाऱ्याला मनसेकडून चोप",https://www.lokmat.com/kalyan-dombivli/mns-workers-assault-deputy-station-master-at-kalyan-railway-station-over-harassment-allegations-by-woman-employee-a-a1001/,2026-10-05T14:11:24+00:00
Delhi-NCR,Jagran,Delhi-NCR • Jagran,https://www.jagran.com/delhi-ncr,1,"Exclusive: नेहरू जयंती की 46 साल पुरानी परंपरा मोदी सरकार ने तोड़ी, 14 नहीं अब 13 नवंबर से शुरू होगा IITF",https://www.jagran.com/delhi/new-delhi-city-modi-govt-breaks-46year-iitf-tradition-trade-fair-opening-shifted-away-from-jawahar-lal-nehru-jayanti-to-nov-13-40389857.html,2026-10-05T14:11:24+00:00
Delhi-NCR,Jagran,Delhi-NCR • Jagran,https://www.jagran.com/delhi-ncr,2,"अब लोक कल्याण मार्ग पर एयरफोर्स गोल्फ कोर्स की जमीन वापस लेगी केंद्र सरकार, कानूनी प्रक्रिया शुरू",https://www.jagran.com/delhi/new-delhi-city-centre-reclaims-air-force-golf-course-land-in-delhi-40393822.html,2026-10-05T14:11:24+00:00
Delhi-NCR,Jagran,Delhi-NCR • Jagran,https://www.jagran.com/delhi-ncr,3,"डीटीसी ने पांच डिपो से हटाए अपने ड्राइवर, बुराड़ी-रोहिणी समेत कई जगह JBM के चालक संभालेंगे जिम्मेदारी",https://www.jagran.com/delhi/new-delhi-city-dtc-replaces-drivers-with-jbm-eco-tech-contract-staff-in-5-depots-40389419.html,2026-10-05T14:11:24+00:00
Delhi-NCR,Jagran,Delhi-NCR • Jagran,https://www.jagran.com/delhi-ncr,4,"दिल्ली जल बोर्ड का ऐतिहासिक फैसला, 17,970 करोड़ से होगा पानी और सीवर व्यवस्था का कायाकल्प",https://www.jagran.com/delhi/new-delhi-city-delhi-jal-board-17970-crore-plan-to-revamp-water-and-sewerage-40390161.html,2026-10-05T14:11:24+00:00
Delhi-NCR,Jagran,Delhi-NCR • Jagran,https://www.jagran.com/delhi-ncr,5,"DTC बसों में पिंक सहेली कार्ड ने बढ़ाया ETM का दबाव, एक मशीन पर कार्ड टैप और टिकटिंग से लग रहा समय",https://www.jagran.com/delhi/new-delhi-city-dtc-pink-saheli-card-strains-etms-causes-bus-delays-in-delhi-40394282.html,2026-10-05T14:11:24+00:00
Delhi-NCR,Jagran,Delhi-NCR • Jagran,https://www.jagran.com/delhi-ncr,6,"दिल्ली में 35 लाख से कम में DDA के EWS फ्लैट पाने का सुनहरा मौका, 7 अक्टूबर से शुरू होगा आवेदन",https://www.jagran.com/delhi/new-delhi-city-dda-launch-209-ews-flats-neat-rotak-road-jakheera-flyover-apply-from-oct-7-find-affordable-housing-40390454.html,2026-10-05T14:11:24+00:00
Delhi-NCR,Jagran,Delhi-NCR • Jagran,https://www.jagran.com/delhi-ncr,7,"CEC ज्ञानेश कुमार के इस्तीफे को लेकर दूसरे दिन भी प्रदर्शन की कोशिश, जनता परेशान; 150 प्रदर्शनकारी हिरासत में",https://www.jagran.com/delhi/new-delhi-city-delhi-cec-gyanesh-kumar-protest-kapil-sibal-others-detained-40393212.html,2026-10-05T14:11:24+00:00
Delhi-NCR,Jagran,Delhi-NCR • Jagran,https://www.jagran.com/delhi-ncr,8,"दिल्ली के उत्तरी रिज में अब नहीं हो सकेगा निर्माण और उत्खनन, 277 एकड़ जमीन को आरक्षित वन बनाने की तैयारी",https://www.jagran.com/delhi/new-delhi-city-delhis-northern-ridge-277-acres-declared-reserved-forest-40392502.html,2026-10-05T14:11:24+00:00
Delhi-NCR,Jagran,Delhi-NCR • Jagran,https://www.jagran.com/delhi-ncr,9,"यौन उत्पीड़न मामले में प्रदर्शनकारियों पर बड़ा एक्शन, कई पत्रकार हिरासत में; नेहा बोरा का रिएक्शन आया सामने",https://www.jagran.com/news/national-delhi-journalists-detained-during-protest-over-harassment-40395044.html,2026-10-05T14:11:24+00:00
Delhi-NCR,Jagran,Delhi-NCR • Jagran,https://www.jagran.com/delhi-ncr,10,"तलाक की टीस और 3 करोड़ एलिमनी देने का दबाव...', इंजीनियर संभव के 43वीं मंजिल से छलांग लगाने की Inside Story",https://www.jagran.com/uttar-pradesh/noida-noida-suicide-software-engineer-sambhav-jains-tragic-end-40395043.html,2026-10-05T14:11:24+00:00
Delhi-NCR,Jagran,Delhi-NCR • Jagran,https://www.jagran.com/delhi-ncr,11,"फरीदाबाद में बड़ी कार्रवाई: बल्लभगढ़ की मुकेश कॉलोनी से 2496 Kg विस्फोटक सामग्री बरामद, हाथरस से जुड़ा कनेक्शन",https://www.jagran.com/haryana/faridabad-massive-explosive-haul-2296-kg-potassium-nitrate-in-ballabgarh-40394878.html,2026-10-05T14:11:24+00:00
Delhi-NCR,Jagran,Delhi-NCR • Jagran,https://www.jagran.com/delhi-ncr,12,"फरीदाबाद में 90 हजार की रिश्वत लेते रंगे हाथों पकड़ा गया पटवारी, बैंक लोन एंट्री के लिए रखी थी 2 लाख की डिमांड",https://www.jagran.com/haryana/faridabad-sonipat-patwari-arrested-by-acb-for-rs-90k-bribe-40394941.html,2026-10-05T14:11:24+00:00
Delhi-NCR,Jagran,Delhi-NCR • Jagran,https://www.jagran.com/delhi-ncr,13,"दिल्ली में थाने पर डेरा डाले बैठे 17 लोग हिरासत में, महिला पत्रकारों के यौन उत्पीड़न केस में ACP पर कार्रवाई की मांग",https://www.jagran.com/delhi/new-delhi-city-17-detained-in-delhi-over-jantar-mantar-sexual-harassment-protest-40394920.html,2026-10-05T14:11:24+00:00
Delhi-NCR,Jagran,Delhi-NCR • Jagran,https://www.jagran.com/delhi-ncr,14,पत्नी के भाई को वीडियो कॉल कर दिखाई हालत... कत्ल कर फरार हुआ पति; तलाश में जुटी गाजियाबाद पुलिस,https://www.jagran.com/uttar-pradesh/ghaziabad-ghaziabad-woman-murdered-husband-accused-police-search-40394895.html,2026-10-05T14:11:24+00:00
Delhi-NCR,Jagran,Delhi-NCR • Jagran,https://www.jagran.com/delhi-ncr,15,"नोएडा के DLF मॉल में आई महिला पर घी और रिफाइंड चोरी करने का आरोप, जांच कर रही पुलिस",https://www.jagran.com/uttar-pradesh/noida-noida-dlf-mall-theft-woman-accused-viral-video-surfaces-40394951.html,2026-10-05T14:11:24+00:00
Delhi-NCR,Jagran,Delhi-NCR • Jagran,https://www.jagran.com/delhi-ncr,16,विचार: भ्रामक इतिहास को सुधारने की पहल,https://www.jagran.com/editorial/apnibaat-ncert-new-history-textbook-reclaiming-india-past-40394538.html,2026-10-05T14:11:24+00:00
Delhi-NCR,Jagran,Delhi-NCR • Jagran,https://www.jagran.com/delhi-ncr,17,विचार: अगले सुधारों की पुख्ता तैयारी,https://www.jagran.com/editorial/apnibaat-next-gen-gst-reforms-boosting-india-economy-businesses-40394534.html,2026-10-05T14:11:24+00:00
Delhi-NCR,Jagran,Delhi-NCR • Jagran,https://www.jagran.com/delhi-ncr,18,अशोक सिंघल: निष्काम कर्मयोगी,https://www.jagran.com/editorial/apnibaat-ashok-singhal-karmayogi-architect-of-hindu-revival-40393801.html,2026-10-05T14:11:24+00:00
Delhi-NCR,Jagran,Delhi-NCR • Jagran,https://www.jagran.com/delhi-ncr,19,विचार: खतरे की घंटी है अप्रत्याशित मौसम,https://www.jagran.com/editorial/apnibaat-el-nino-unpredictable-weather-india-climate-challenge-40393602.html,2026-10-05T14:11:24+00:00
Delhi-NCR,Jagran,Delhi-NCR • Jagran,https://www.jagran.com/delhi-ncr,20,विचार: विश्व को चिंतित करने वाली घटना,https://www.jagran.com/editorial/apnibaat-indian-pilot-captain-smit-prevents-9-11-like-disaster-on-fly-dubai-40392622.html,2026-10-05T14:11:24+00:00
Delhi-NCR,Jagran,Delhi-NCR • Jagran,https://www.jagran.com/delhi-ncr,21,"गाजियाबाद में गहराया सांसों का संकट: AQI 248 पहुंचा, वेव सिटी और लोनी 'रेड जोन' में दर्ज",https://www.jagran.com/uttar-pradesh/ghaziabad-ghaziabad-pollution-worsens-wave-city-loni-in-red-zone-aqi-40395232.html,2026-10-05T14:11:24+00:00
Delhi-NCR,Jagran,Delhi-NCR • Jagran,https://www.jagran.com/delhi-ncr,22,"गाजियाबाद: रावण का पुतला बनाते समय फटे बम, पांच लोग झुलसे; दो सफदरजंग के लिए रेफर",https://www.jagran.com/uttar-pradesh/ghaziabad-ghaziabad-ravan-effigy-blast-5-injured-2-critical-40394779.html,2026-10-05T14:11:24+00:00
Delhi-NCR,Jagran,Delhi-NCR • Jagran,https://www.jagran.com/delhi-ncr,23,"गाजियाबाद में बिना सीसी फ्लैट देने वाले 100 से ज्यादा बिल्डरों पर होगी FIR, एक्शन में जीडीए",https://www.jagran.com/uttar-pradesh/ghaziabad-ghaziabad-over-100-builders-face-fir-for-no-cc-flats-40394729.html,2026-10-05T14:11:24+00:00
Delhi-NCR,Jagran,Delhi-NCR • Jagran,https://www.jagran.com/delhi-ncr,24,"गाजियाबाद को मिलेगा अपना प्रगति मैदान, 560 सीटों का ऑडिटोरियम और एक्सपो हॉल समेत मिलेंगी कई सुविधाएं",https://www.jagran.com/uttar-pradesh/ghaziabad-ghaziabad-bunakar-mart-expo-center-nears-completion-40394356.html,2026-10-05T14:11:24+00:00
Delhi-NCR,Jagran,Delhi-NCR • Jagran,https://www.jagran.com/delhi-ncr,25,"Exclusive: PM मोदी के 25 वर्ष पूरे, सेवा ज्योति यात्रा का राष्ट्रीय आयोजन गुरुग्राम में; अमित शाह होंगे मुख्य अतिथि",https://www.jagran.com/haryana/gurgaon-amit-shah-will-chief-guest-at-seva-jyoti-yatra-in-gurugram-on-october-7-to-mark-completion-of-25-years-of-pm-modis-public-life-40394831.html,2026-10-05T14:11:24+00:00
Delhi-NCR,Jagran,Delhi-NCR • Jagran,https://www.jagran.com/delhi-ncr,26,"सड़कों के चौड़ीकरण का रास्ता साफ, गुरुग्राम के नए सेक्टरों की बदलेगी तस्वीर; हरियाणा सरकार ने शुरू की प्रक्रिया",https://www.jagran.com/haryana/gurgaon-gurugram-new-sectors-1061-acres-land-for-24m-roads-40394636.html,2026-10-05T14:11:24+00:00
Delhi-NCR,Jagran,Delhi-NCR • Jagran,https://www.jagran.com/delhi-ncr,27,"गुरुग्राम में एसटीएफ टीम पर हमला, बदमाशों ने की मारपीट और फायरिंग; दो जवान घायल",https://www.jagran.com/haryana/gurgaon-gurgaon-stf-team-attacked-fired-upon-on-sohna-highway-40394424.html,2026-10-05T14:11:24+00:00
Delhi-NCR,Jagran,Delhi-NCR • Jagran,https://www.jagran.com/delhi-ncr,28,वाटिका ग्रुप मनी लॉन्ड्रिंग केस: गुरुग्राम में अदालत ने भल्ला बंधुओं को 3 दिन और ED कस्टडी में भेजा,https://www.jagran.com/haryana/gurgaon-vatika-directors-anil-gautam-bhalla-get-3day-ed-remand-in-gurugram-40393873.html,2026-10-05T14:11:24+00:00
Delhi-NCR,Jagran,Delhi-NCR • Jagran,https://www.jagran.com/delhi-ncr,29,"कर्ज नहीं पत्नी की वजह से 'डिप्रेशन' में थे संभव, तलाक की चर्चा के बीच 43वीं मंजिल से कूदकर दी जान",https://www.jagran.com/haryana/gurgaon-gurugram-sambhav-jain-noida-suicide-marital-dispute-suspected-40393786.html,2026-10-05T14:11:24+00:00
Delhi-NCR,Jagran,Delhi-NCR • Jagran,https://www.jagran.com/delhi-ncr,30,"'नया नोएडा' के लिए जमीन अधिग्रहण शुरू, दादरी-बुलंदशहर समेत 37 गांवों में लगेंगे कैंप; सैटेलाइट से रखेंगे नजर",https://www.jagran.com/uttar-pradesh/noida-new-noida-land-acquisition-begins-camps-set-up-across-37-villages-satellite-mapping-to-halt-encroachment-40395303.html,2026-10-05T14:11:24+00:00
Delhi-NCR,Jagran,Delhi-NCR • Jagran,https://www.jagran.com/delhi-ncr,31,"नोएडा में गलत उपचार से युवक की मौत, स्वजनों ने डॉक्टर पर आरोप लगाकर किया हंगामा; लगाया जाम",https://www.jagran.com/uttar-pradesh/noida-jewar-man-dies-after-alleged-wrong-treatment-family-protests-40395309.html,2026-10-05T14:11:24+00:00
Delhi-NCR,Jagran,Delhi-NCR • Jagran,https://www.jagran.com/delhi-ncr,32,"नोएडा की सोसायटियों में अवैध होम स्टे का बड़ा कारोबार, सुरक्षा ताक पर रखकर रोजाना हो रही 16 करोड़ की कमाई",https://www.jagran.com/uttar-pradesh/noida-noida-illegal-home-stays-rake-in-16-cr-daily-security-risk-40395251.html,2026-10-05T14:11:24+00:00
Delhi-NCR,Jagran,Delhi-NCR • Jagran,https://www.jagran.com/delhi-ncr,33,"यीडा में इंटरनेशनल ट्रेड सिटी: यूपी बनेगा वैश्विक व्यापार का नया केंद्र, स्थानीय उत्पादों को मिलेगी सीधी पहुंच",https://www.jagran.com/uttar-pradesh/noida-up-to-become-global-trade-hub-with-yida-international-trade-city-40395196.html,2026-10-05T14:11:24+00:00
Delhi-NCR,Jagran,Delhi-NCR • Jagran,https://www.jagran.com/delhi-ncr,34,ग्रेटर नोएडा के गौर सिटी-वन में संदिग्ध परिस्थितियों में तीसरी मंजिल से गिरकर युवक की मौत,https://www.jagran.com/uttar-pradesh/noida-greater-noida-man-dies-after-thirdfloor-fall-in-gaur-city-40395155.html,2026-10-05T14:11:24+00:00
Delhi-NCR,Jagran,Delhi-NCR • Jagran,https://www.jagran.com/delhi-ncr,35,"दक्षिणी दिल्ली के PG में गिरा छत का प्लास्टर, सत्य निकेतन हादसे से भी नहीं लिया सबक नहीं; भय में छात्र",https://www.jagran.com/delhi/new-delhi-city-south-delhi-pg-plaster-falls-on-students-bed-raises-safety-concerns-40395275.html,2026-10-05T14:11:24+00:00
Delhi-NCR,Jagran,Delhi-NCR • Jagran,https://www.jagran.com/delhi-ncr,36,"दिल्ली को मिला इंदौर का फार्मूला, डीजल से 14% सस्ती पड़ेंगी इलेक्ट्रिक कचरा गाड़ियां; 75% घटेगा प्रदूषण",https://www.jagran.com/delhi/new-delhi-city-indores-electric-waste-model-cost-pollution-solution-for-delhi-40395242.html,2026-10-05T14:11:24+00:00
Delhi-NCR,Jagran,Delhi-NCR • Jagran,https://www.jagran.com/delhi-ncr,37,"प्रदूषण की रियल-टाइम निगरानी के लिए इंटीग्रेटेड कमांड एंड कंट्रोल सेंटर तैयार, CM रेखा गुप्ता ने दी जानकारी",https://www.jagran.com/delhi/new-delhi-city-delhis-iccc-boosts-realtime-pollution-monitoring-40395249.html,2026-10-05T14:11:24+00:00
Delhi-NCR,Jagran,Delhi-NCR • Jagran,https://www.jagran.com/delhi-ncr,38,"त्योहारों से ठीक पहले हवाई सफर महंगा, IndiGO ने बढ़ाया किराया; जल्द ही बाकी एयरलाइंस भी बढ़ाएंगी",https://www.jagran.com/delhi/new-delhi-city-festive-season-blow-indigo-hikes-fuel-charge-other-airlines-likely-to-raise-fares-soon-40395195.html,2026-10-05T14:11:24+00:00
Delhi-NCR,Jagran,Delhi-NCR • Jagran,https://www.jagran.com/delhi-ncr,39,"दिल्ली में गैंगस्टर राशिद केबल वाले के इशारे पर मांगी थी रंगदारी, पुलिस के साथ मुठभेड़ में दो आरोपी गिरफ्तार",https://www.jagran.com/delhi/new-delhi-city-bhajanpura-firing-two-accused-arrested-after-police-encounter-40395183.html,2026-10-05T14:11:24+00:00
Delhi-NCR,Jagran,Delhi-NCR • Jagran,https://www.jagran.com/delhi-ncr,40,"फरीदाबाद में सेल्फी के चक्कर में झील में गिरा किशोर, रात भर नहीं मिला सुराग; SDRF तलाश में जुटी",https://www.jagran.com/haryana/faridabad-teen-falls-into-sirohi-lake-while-taking-selfie-in-faridabad-40395351.html,2026-10-05T14:11:24+00:00
Delhi-NCR,Jagran,Delhi-NCR • Jagran,https://www.jagran.com/delhi-ncr,41,"फरीदाबाद: केले के रेट पर कहासुनी, सीनियर मैनेजर को चाकू से गोदा, भतीजा भी जख्मी",https://www.jagran.com/haryana/faridabad-faridabad-manager-killed-over-banana-price-nephew-injured-40395320.html,2026-10-05T14:11:24+00:00
Delhi-NCR,Jagran,Delhi-NCR • Jagran,https://www.jagran.com/delhi-ncr,42,"फरीदाबाद: बर्गर खाने आए युवकों की दबंगई, युवक पर चाकू से वार कर किया घायल",https://www.jagran.com/haryana/faridabad-faridabad-burger-fight-man-stabbed-to-death-one-injured-40395104.html,2026-10-05T14:11:24+00:00
Delhi-NCR,Jagran,Delhi-NCR • Jagran,https://www.jagran.com/delhi-ncr,43,"फरीदाबाद में मोहना बस अड्डे से यमुना पुल तक बनेगी 7 मीटर चौड़ी सीमेंटेड सड़क, 15 गांवों को होगा पहुंचेगा फायदा",https://www.jagran.com/haryana/faridabad-mohana-yamuna-road-widening-7meter-cemented-road-for-15-villages-40395103.html,2026-10-05T14:11:24+00:00
Delhi-NCR,Jagran,Delhi-NCR • Jagran,https://www.jagran.com/delhi-ncr,44,"पलवल: नमकीन फैक्ट्री के जहरीले टैंक में उतरने से एक मजदूर की मौत, दूसरा गंभीर; फैक्ट्री मालिक पर FIR दर्ज",https://www.jagran.com/haryana/palwal-palwal-snack-factory-gas-death-worker-dies-one-critical-40393981.html,2026-10-05T14:11:24+00:00
Delhi-NCR,Jagran,Delhi-NCR • Jagran,https://www.jagran.com/delhi-ncr,45,"जहां बापू पहली बार हुए थे गिरफ्तार, नेताजी ने रखी आश्रम की नींव; गांधी की स्मृतियों को सहेज रही पलवल की माटी",https://www.jagran.com/haryana/palwal-mahatma-gandhis-palwal-connection-first-arrest-legacy-40392015.html,2026-10-05T14:11:24+00:00
Delhi-NCR,Jagran,Delhi-NCR • Jagran,https://www.jagran.com/delhi-ncr,46,"पलवल में पुलिस और गोतस्करों के बीच मुठभेड़, 8 मुकदमों में वांछित आसिफ पैर में गोली लगने से गिरफ्तार",https://www.jagran.com/haryana/palwal-palwal-police-encounter-cow-smuggler-injured-arrested-40392005.html,2026-10-05T14:11:24+00:00
Delhi-NCR,Jagran,Delhi-NCR • Jagran,https://www.jagran.com/delhi-ncr,47,"पलवल में एनएच-19 पर हुड़दंगबाजी और रील्स बनाना पड़ा भारी, 35 हजार चालान के साथ दो गाड़ियां जब्त",https://www.jagran.com/haryana/palwal-palwal-police-fines-35k-seizes-vehicles-for-nh19-stunts-40391283.html,2026-10-05T14:11:24+00:00
Delhi-NCR,Jagran,Delhi-NCR • Jagran,https://www.jagran.com/delhi-ncr,48,"KMP एक्सप्रेसवे पर फिर हुआ हादसा, श्रद्धालुओं से भरी पिकअप में कैंटर ने मारी जोरदार टक्कर; ड्राइवर की मौत",https://www.jagran.com/haryana/palwal-kmp-expressway-accident-pickup-driver-dies-devotees-injured-in-palwal-40390290.html,2026-10-05T14:11:24+00:00
Delhi-NCR,Jagran,Delhi-NCR • Jagran,https://www.jagran.com/delhi-ncr,49,"गाजीपुर में गीली मिट्टी में धंस गया 308 पहियों वाला मेगाट्रक, टीम के सामने आई बड़ी मुसीबत, आगे बढ़ना हो गया मुश्‍क‍िल",https://www.jagran.com/uttar-pradesh/ghazipur-308-wheel-mega-truck-sinks-into-wet-soil-in-ghazipur-moving-forward-becomes-difficult-40395393.html,2026-10-05T14:11:24+00:00
Delhi-NCR,Jagran,Delhi-NCR • Jagran,https://www.jagran.com/delhi-ncr,50,"पुणे से ट्रेनिंग लेकर झांसी पहुंचा 'एलेक्स', तस्करों को पकड़ने में पुलिस की बनेगा ताकत",https://www.jagran.com/uttar-pradesh/jhansi-city-jhansi-rpf-welcomes-alex-new-narcotics-dog-to-combat-drug-smuggling-40395374.html,2026-10-05T14:11:24+00:00
Delhi-NCR,Jagran,Delhi-NCR • Jagran,https://www.jagran.com/delhi-ncr,51,"Kanpur Cyber Fraud: ऑनलाइन गेमिंग के जाल में फंसा 7वीं का छात्र, पिता के खाते से गंवाए 5.06 लाख रुपये",https://www.jagran.com/uttar-pradesh/kanpur-city-kanpur-cyber-fraud-class-7-student-loses-5-lakh-from-father-account-in-online-gaming-40395367.html,2026-10-05T14:11:24+00:00
Delhi-NCR,Jagran,Delhi-NCR • Jagran,https://www.jagran.com/delhi-ncr,52,"गंगा तट पर गूंजी कैप्टन स्मित मच्छार की गौरव गाथा, 'छोटी काशी' में गंगा आरती के दौरान शीघ्र स्वास्थ्य लाभ की कामना",https://www.jagran.com/uttar-pradesh/bulandshahr-captain-smit-machhar-anupshahr-holds-ganga-aarti-for-injured-fly-dubai-pilot-smit-machhar-40395346.html,2026-10-05T14:11:24+00:00
Delhi-NCR,Jagran,Delhi-NCR • Jagran,https://www.jagran.com/delhi-ncr,53,"कौन हैं राधाकांत ओझा, जिन्हें भाजपा ने राज्यसभा सदस्य पद का उम्मीदवार बनाया? इलाहाबाद HCBA के दो बार अध्यक्ष रहे",https://www.jagran.com/uttar-pradesh/prayagraj-allahabad-hcba-ex-president-radhakant-ojha-bjp-rajya-sabha-member-candidate-40395243.html,2026-10-05T14:11:24+00:00
Delhi-NCR,Jagran,Delhi-NCR • Jagran,https://www.jagran.com/delhi-ncr,54,"वाराणसी में ड्र‍िंक पीने के बाद पांच बच्चे डायरिया की चपेट में, सीएचसी से चार प्रभावित बच्चों को जिला अस्पताल रेफर क‍िया",https://www.jagran.com/uttar-pradesh/varanasi-city-five-children-in-varanasi-contracted-diarrhea-after-consuming-a-drink-four-of-the-affected-children-were-referred-from-the-chc-to-the-district-hospital-40395378.html,2026-10-05T14:11:24+00:00
Delhi-NCR,Jagran,Delhi-NCR • Jagran,https://www.jagran.com/delhi-ncr,55,"अर्नब तूफान बना आपदा में लूट का अवसर, मऊ में भारी बार‍िश के बीच 5455 श्रमिकों की फर्जी उपस्थिति‍ दर्ज कर डाली",https://www.jagran.com/uttar-pradesh/mau-amidst-the-storm-an-opportunity-for-fraud-was-seized-in-mau-the-fake-attendance-of-5455-workers-was-recorded-during-heavy-rains-40395366.html,2026-10-05T14:11:24+00:00
Delhi-NCR,Jagran,Delhi-NCR • Jagran,https://www.jagran.com/delhi-ncr,56,"UP NMMS में एक लाख 174662 विद्यार्थियों ने किए आवेदन, सबसे अधिक दावेदारी अलीगढ़ से की गई",https://www.jagran.com/uttar-pradesh/prayagraj-up-nmms-1-lakh-74-thousand-applications-aligarh-leads-state-40395357.html,2026-10-05T14:11:24+00:00
Delhi-NCR,Jagran,Delhi-NCR • Jagran,https://www.jagran.com/delhi-ncr,57,"रायबरेली वालों की हुई मौज, लगेंगे चार्जिंग स्टेशन; लखनऊ पर 50 और कानपुर रूट पर 15 लेक्ट्रिक बसें भरेंगी फर्राटा",https://www.jagran.com/uttar-pradesh/raebareli-raebareli-electric-buses-charging-stations-approved-routes-set-40395342.html,2026-10-05T14:11:24+00:00
Delhi-NCR,Jagran,Delhi-NCR • Jagran,https://www.jagran.com/delhi-ncr,58,"लंदन से अमेरिका जा रही फ्लाइट BA295 में इमरजेंसी, अचानक 9 हजार फीट नीचे आया विमान",https://www.jagran.com/world/united-kingdom-british-airways-ba295-emergency-flight-drops-28000-feet-40395398.html,2026-10-05T14:11:24+00:00
Delhi-NCR,Jagran,Delhi-NCR • Jagran,https://www.jagran.com/delhi-ncr,59,"TV के सुपरहीरो ने निभाया था Shah Rukh Khan के बचपन का किरदार, एक्टिंग छोड़ बना टेक वर्ल्ड का 'किंग'",https://www.jagran.com/entertainment/bollywood-sumeet-pathak-played-young-shah-rukh-khan-in-baazigar-became-tv-superhero-now-hustling-as-media-tech-company-owner-40395392.html,2026-10-05T14:11:24+00:00
Delhi-NCR,Jagran,Delhi-NCR • Jagran,https://www.jagran.com/delhi-ncr,60,"सोनीपत में पहचान छिपाकर शादी का मामला, महिला पर धर्म परिवर्तन का दबाव",https://www.jagran.com/haryana/sonipat-sonipat-woman-deceived-hidden-identity-forced-conversion-40395355.html,2026-10-05T14:11:24+00:00
Delhi-NCR,Jagran,Delhi-NCR • Jagran,https://www.jagran.com/delhi-ncr,61,"सर्वपितृ अमावस्या की रात दिखे कोई 1 भी संकेत, तो समझें पूर्व",https://www.jagran.com/spiritual/religion-sarva-pitru-amavasya-2026-night-signs-ancestors-are-pleased-and-will-shower-blessings-40395383.html,2026-10-05T14:11:24+00:00
Delhi-NCR,Jagran,Delhi-NCR • Jagran,https://www.jagran.com/delhi-ncr,62,"यूपी चुनाव से पहले मोदी मंत्रिमंडल में होगा बड़ा फेरबदल, पिछ",https://www.jagran.com/news/national-modi-cabinet-reshuffle-hardeep-puri-bl-verma-set-to-exit-ahead-of-up-elections-young-faces-expected-40395379.html,2026-10-05T14:11:24+00:00
Delhi-NCR,Jagran,Delhi-NCR • Jagran,https://www.jagran.com/delhi-ncr,63,"'नीतीश कुमार ही पार्टी के पावर सेंटर', अनंत से तकरार के बीच",https://www.jagran.com/bihar/patna-city-nitish-kumar-is-jdu-power-center-neeraj-kumar-on-mlc-polls-40395382.html,2026-10-05T14:11:24+00:00
Delhi-NCR,Jagran,Delhi-NCR • Jagran,https://www.jagran.com/delhi-ncr,64,मुजफ्फरपुर में पान दुकानदार को गोली मारने का आरोपित गिरफ्तार,https://www.jagran.com/bihar/muzaffarpur-motipur-pan-shopkeeper-firing-accused-arrested-40395384.html,2026-10-05T14:11:24+00:00
Delhi-NCR,Jagran,Delhi-NCR • Jagran,https://www.jagran.com/delhi-ncr,65,"सिंगापुर से लौटते ही एक्शन में CM नायब सैनी, अचानक बुलाई कैब",https://www.jagran.com/haryana/panchkula-cm-nayab-saini-swings-into-action-immediately-upon-returning-from-singapore-calls-cabinet-meeting-40395380.html,2026-10-05T14:11:24+00:00
Delhi-NCR,Jagran,Delhi-NCR • Jagran,https://www.jagran.com/delhi-ncr,66,झारखंड में क्लिनिकल इस्टैब्लिशमेंट एक्ट में संशोधन के लिए डा,https://www.jagran.com/jharkhand/ranchi-jharkhand-committee-to-amend-clinical-establishment-rules-40395317.html,2026-10-05T14:11:24+00:00
Delhi-NCR,Jagran,Delhi-NCR • Jagran,https://www.jagran.com/delhi-ncr,67,Did You Know,https://www.jagran.com/did-you-know-news-hindi.html,2026-10-05T14:11:24+00:00
Delhi-NCR,Jagran,Delhi-NCR • Jagran,https://www.jagran.com/delhi-ncr,68,Mutual Funds मास्टरी,https://www.jagran.com/events/jagran-next/mutual-funds-mastery/index.html,2026-10-05T14:11:24+00:00
Delhi-NCR,Jagran,Delhi-NCR • Jagran,https://www.jagran.com/delhi-ncr,69,IND Vs AFG सीरीज,https://www.jagran.com/topics/ind-vs-afg-t20,2026-10-05T14:11:24+00:00
Delhi-NCR,Jagran,Delhi-NCR • Jagran,https://www.jagran.com/delhi-ncr,70,काम की खबर,https://www.jagran.com/topics/utility,2026-10-05T14:11:24+00:00
Delhi-NCR,Jagran,Delhi-NCR • Jagran,https://www.jagran.com/delhi-ncr,71,आज का राशिफल,https://www.jagran.com/topics/aaj-ka-rashifal,2026-10-05T14:11:24+00:00
Delhi-NCR,Jagran,Delhi-NCR • Jagran,https://www.jagran.com/delhi-ncr,72,स्पोर्ट्स मैच देखें,https://www.jagran.com/sports-watch/cricket,2026-10-05T14:11:24+00:00
Delhi-NCR,Jagran,Delhi-NCR • Jagran,https://www.jagran.com/delhi-ncr,73,Submit your news,https://www.jagran.com/citizen-journalism-hindi.html,2026-10-05T14:11:24+00:00
Delhi-NCR,Jagran,Delhi-NCR • Jagran,https://www.jagran.com/delhi-ncr,74,Message from the Editor,https://www.jagran.com/policies-and-standards.html,2026-10-05T14:11:24+00:00
Hyderabad,DC,Hyderabad • DC,https://www.deccanchronicle.com/location/india/southern-states,1,Opinion and Editorials,https://www.deccanchronicle.com/opinion,2026-10-05T14:11:24+00:00
Hyderabad,NIE,Hyderabad • NIE,https://www.newindianexpress.com/cities/hyderabad,1,Asian Games 2026,https://www.newindianexpress.com/topic/asian-games-2026,2026-10-05T14:11:24+00:00
Chennai,DC,Chennai • DC,https://www.deccanchronicle.com/location/india/tamil-nadu/chennai-madras,1,Opinion and Editorials,https://www.deccanchronicle.com/opinion,2026-10-05T14:11:24+00:00
Chennai,NIE,Chennai • NIE,https://www.newindianexpress.com/cities/chennai,1,Asian Games 2026,https://www.newindianexpress.com/topic/asian-games-2026,2026-10-05T14:11:24+00:00
Chennai,The Hindu,Chennai • The Hindu,https://www.thehindu.com/news/cities/chennai/,1,"Dengue testing stepped up in Chennai, over 4,500 cases recorded this year",https://www.thehindu.com/news/cities/chennai/dengue-testing-stepped-up-in-chennai-over-4500-cases-recorded-this-year/article71543756.ece,2026-10-05T14:11:24+00:00
Chennai,The Hindu,Chennai • The Hindu,https://www.thehindu.com/news/cities/chennai/,2,"Declare ‘Vettri Payanam’ scheme unconstitutional, urges private bus operator before Madras High Court",https://www.thehindu.com/news/national/tamil-nadu/declare-vettri-payanam-scheme-unconstitutional-urges-private-bus-operator-before-madras-high-court/article71542924.ece,2026-10-05T14:11:24+00:00
Chennai,The Hindu,Chennai • The Hindu,https://www.thehindu.com/news/cities/chennai/,3,A hobby evolves to meet Gen Zers on their terms,https://www.thehindu.com/news/cities/chennai/a-hobby-evolves-to-meetgen-zerson-their-terms/article71542882.ece,2026-10-05T14:11:24+00:00
Chennai,The Hindu,Chennai • The Hindu,https://www.thehindu.com/news/cities/chennai/,4,"Aged 71, a Chennai resident travels to top-tier international sports events, freezing iconic sporting moments",https://www.thehindu.com/news/cities/chennai/aged-71-a-chennai-resident-travels-to-top-tier-international-sports-events-freezing-iconic-sporting-moments/article71542936.ece,2026-10-05T14:11:24+00:00
Chennai,The Hindu,Chennai • The Hindu,https://www.thehindu.com/news/cities/chennai/,5,Suburban train derails near Fort railway station; Chennai Beach-bound services hit,https://www.thehindu.com/news/cities/chennai/suburban-train-derails-near-fort-railway-station-chennai-beach-bound-services-hit/article71546251.ece,2026-10-05T14:11:24+00:00
Chennai,The Hindu,Chennai • The Hindu,https://www.thehindu.com/news/cities/chennai/,6,"Weekend night bike racing puts Chennai residents, motorists on the edge",https://www.thehindu.com/news/cities/chennai/weekend-night-bike-racing-puts-chennai-residents-motorists-on-the-edge/article71543813.ece,2026-10-05T14:11:24+00:00
Chennai,The Hindu,Chennai • The Hindu,https://www.thehindu.com/news/cities/chennai/,7,"Tiruvottiyur residents seek flood-free, pollution-free neighbourhood",https://www.thehindu.com/news/cities/chennai/tiruvottiyur-residents-seek-flood-free-pollution-free-neighbourhood/article71543963.ece,2026-10-05T14:11:24+00:00
Chennai,The Hindu,Chennai • The Hindu,https://www.thehindu.com/news/cities/chennai/,8,Winged visitors from afar return to Chennai’s wetlands as migratory season begins,https://www.thehindu.com/news/cities/chennai/winged-visitors-from-afar-return-to-chennais-wetlands-as-migratory-season-begins/article71543441.ece,2026-10-05T14:11:24+00:00
Chennai,The Hindu,Chennai • The Hindu,https://www.thehindu.com/news/cities/chennai/,9,How accessible is your apartment community?,https://www.thehindu.com/news/cities/chennai/how-accessible-is-your-apartment-community/article71541556.ece,2026-10-05T14:11:24+00:00
Chennai,The Hindu,Chennai • The Hindu,https://www.thehindu.com/news/cities/chennai/,10,New RWA in Tambaram seeks review of property tax,https://www.thehindu.com/news/cities/chennai/new-rwa-in-tambaram-seeks-review-of-property-tax/article71541690.ece,2026-10-05T14:11:24+00:00
Chennai,The Hindu,Chennai • The Hindu,https://www.thehindu.com/news/cities/chennai/,11,Fisherfolk protest against Tamil Nadu’s new Secretariat proposal at Pattinapakkam,https://www.thehindu.com/news/cities/chennai/hundreds-of-fishermen-protest-against-secretariat-proposal-at-foreshore-estate/article71525230.ece,2026-10-05T14:11:24+00:00
Chennai,The Hindu,Chennai • The Hindu,https://www.thehindu.com/news/cities/chennai/,12,Booth-less toll fee collection at Tamil Nadu’s Paranur: how does the multi-lane free flow system work?,https://www.thehindu.com/news/national/tamil-nadu/booth-less-toll-fee-collection-at-tamil-nadus-paranur-how-does-the-multi-lane-free-flow-system-work/article71536523.ece,2026-10-05T14:11:24+00:00
Chennai,The Hindu,Chennai • The Hindu,https://www.thehindu.com/news/cities/chennai/,13,Singeetham Srinivasa Rao and Kamal Haasan: A look back at one of Indian cinema’s iconic duos,https://www.thehindu.com/entertainment/movies/singeetham-srinivasa-rao-kamal-haasan-raaja-paarvai-apoorva-sagodharargal-pushpak-michael-madana-kama-rajan/article71543551.ece,2026-10-05T14:11:24+00:00
Chennai,The Hindu,Chennai • The Hindu,https://www.thehindu.com/news/cities/chennai/,14,"Singeetham Srinivasa Rao’s ‘Michael Madana Kama Rajan’, a timeless classic from a master filmmaker",https://www.thehindu.com/entertainment/movies/singeetham-srinivasa-rao-tribute-michael-madana-kama-rajan-kamal-haasan-ilaiyaraaja-crazy-mohan/article71543283.ece,2026-10-05T14:11:24+00:00
Chennai,The Hindu,Chennai • The Hindu,https://www.thehindu.com/news/cities/chennai/,15,Remembering Singeetham Srinivasa Rao: Cinema’s eternal experimenter at 94,https://www.thehindu.com/entertainment/movies/remembering-singeetham-srinivasa-rao-cinemas-eternal-experimenter-at-94/article71543149.ece,2026-10-05T14:11:24+00:00
Chennai,The Hindu,Chennai • The Hindu,https://www.thehindu.com/news/cities/chennai/,16,Citizens group seeks corrective measures in ongoing SWD work at Perambur High Road - North,https://www.thehindu.com/news/cities/chennai/perambur-citizens-group-seeks-corrective-measures-in-ongoing-swd-work/article71540379.ece,2026-10-05T14:11:24+00:00
Chennai,The Hindu,Chennai • The Hindu,https://www.thehindu.com/news/cities/chennai/,17,Farmer murdered after his police complaint on harassment of minor daughter in Tiruttani; one arrested,https://www.thehindu.com/news/cities/chennai/two-persons-hack-farmer-to-death-in-tiruttani-one-arrested/article71545918.ece,2026-10-05T14:11:24+00:00
Chennai,The Hindu,Chennai • The Hindu,https://www.thehindu.com/news/cities/chennai/,18,OMR communities push back against UPI commercial levy,https://www.thehindu.com/news/cities/chennai/omr-communities-push-back-against-upi-commercial-levy/article71546158.ece,2026-10-05T14:11:24+00:00
Chennai,The Hindu,Chennai • The Hindu,https://www.thehindu.com/news/cities/chennai/,19,Surveillance strengthened on paddy movement in Tiruvallur,https://www.thehindu.com/news/cities/chennai/surveillance-strengthened-on-paddy-movement-in-tiruvallur/article71544540.ece,2026-10-05T14:11:24+00:00
Chennai,The Hindu,Chennai • The Hindu,https://www.thehindu.com/news/cities/chennai/,20,Police nab three migrant workers over murder of their co-worker in Velachery,https://www.thehindu.com/news/cities/chennai/police-nab-three-migrant-workers-over-murder-of-their-co-worker-in-velachery/article71543166.ece,2026-10-05T14:11:24+00:00
Chennai,The Hindu,Chennai • The Hindu,https://www.thehindu.com/news/cities/chennai/,21,Fresh meniscus transplantation programme launched,https://www.thehindu.com/news/cities/chennai/fresh-meniscus-transplantation-programme-launched/article71543360.ece,2026-10-05T14:11:24+00:00
Chennai,The Hindu,Chennai • The Hindu,https://www.thehindu.com/news/cities/chennai/,22,Fisherfolk oppose plan to build Secretariat at Foreshore Estate,https://www.thehindu.com/news/cities/chennai/fisherfolk-oppose-plan-to-build-secretariat-at-foreshore-estate/article71544359.ece,2026-10-05T14:11:24+00:00
Chennai,The Hindu,Chennai • The Hindu,https://www.thehindu.com/news/cities/chennai/,23,Four children drown in Periya Eri in Chromepet,https://www.thehindu.com/news/cities/chennai/four-children-drown-in-periya-eri-in-chromepet/article71543553.ece,2026-10-05T14:11:24+00:00
Chennai,The Hindu,Chennai • The Hindu,https://www.thehindu.com/news/cities/chennai/,24,"Over 1,000 take part in Wildlife Trail Run at Vandalur",https://www.thehindu.com/news/cities/chennai/over-1000-take-part-in-wildlife-trail-run-at-vandalur/article71543274.ece,2026-10-05T14:11:24+00:00
Chennai,The Hindu,Chennai • The Hindu,https://www.thehindu.com/news/cities/chennai/,25,Over 500 detained amid stir against CEC in Delhi,https://www.thehindu.com/todays-paper/2026-10-05/th_chennai/articleG3EGKD01S-16798240.ece,2026-10-05T14:11:24+00:00
Chennai,The Hindu,Chennai • The Hindu,https://www.thehindu.com/news/cities/chennai/,26,Keralam orders graft inquiry against CEC,https://www.thehindu.com/todays-paper/2026-10-05/th_chennai/articleGFBGKB8RR-16798245.ece,2026-10-05T14:11:24+00:00
Chennai,The Hindu,Chennai • The Hindu,https://www.thehindu.com/news/cities/chennai/,27,"Talking to both Kyiv, Moscow: Jaishankar",https://www.thehindu.com/todays-paper/2026-10-05/th_chennai/articleG3EGKD01Q-16798244.ece,2026-10-05T14:11:24+00:00
Chennai,The Hindu,Chennai • The Hindu,https://www.thehindu.com/news/cities/chennai/,28,13 mins ago - Cricket India vs West Indies first T20I: Windies could run India close in the shortest format,https://www.thehindu.com/sport/cricket/india-vs-west-indies-first-t20-international-preview/article71547488.ece,2026-10-05T14:11:24+00:00
Chennai,The Hindu,Chennai • The Hindu,https://www.thehindu.com/news/cities/chennai/,29,"17 mins ago - Cricket IND vs WI first T20I: Need to strike a balance between continuity and giving exposure, says Morkel",https://www.thehindu.com/sport/cricket/ind-vs-wi-first-t20i-need-to-strike-a-balance-between-continuity-and-giving-exposure-says-morkel/article71547524.ece,2026-10-05T14:11:24+00:00
Chennai,The Hindu,Chennai • The Hindu,https://www.thehindu.com/news/cities/chennai/,30,25 mins ago - Cricket West Indies spinner Hosein confident team will push India in the T20 series,https://www.thehindu.com/sport/cricket/west-indies-spinner-hosein-confident-team-will-push-india-in-the-t20-series/article71547572.ece,2026-10-05T14:11:24+00:00
Chennai,The Hindu,Chennai • The Hindu,https://www.thehindu.com/news/cities/chennai/,31,TTD steps up preparations for Navaratri Brahmotsavams,https://www.thehindu.com/news/national/andhra-pradesh/ttd-steps-up-preparations-for-navaratri-brahmotsavams/article71546997.ece,2026-10-05T14:11:24+00:00
Chennai,The Hindu,Chennai • The Hindu,https://www.thehindu.com/news/cities/chennai/,32,Keralam government seeks report as around 150 community kitchens in Attappady shut,https://www.thehindu.com/news/national/kerala/keralam-government-seeks-report-as-around-150-community-kitchens-in-attappady-shut/article71547020.ece,2026-10-05T14:11:24+00:00
Chennai,The Hindu,Chennai • The Hindu,https://www.thehindu.com/news/cities/chennai/,33,Shop near police station in Salem burgled,https://www.thehindu.com/news/cities/Coimbatore/shop-near-police-station-in-salem-burgled/article71546203.ece,2026-10-05T14:11:24+00:00
Chennai,The Hindu,Chennai • The Hindu,https://www.thehindu.com/news/cities/chennai/,34,Central team assesses drought situation in Mysuru,https://www.thehindu.com/news/national/karnataka/central-team-assesses-drought-situation-in-mysuru/article71547519.ece,2026-10-05T14:11:24+00:00
Chennai,The Hindu,Chennai • The Hindu,https://www.thehindu.com/news/cities/chennai/,35,Ramasahayam Raghuram Reddy seeks repatriation of mortal remains of Khammam resident who died in accident in U.S.,https://www.thehindu.com/news/national/telangana/ramasahayam-raghuram-reddy-seeks-repatriation-of-mortal-remains-of-khammam-resident-who-died-in-accident-in-us/article71547427.ece,2026-10-05T14:11:24+00:00
Chennai,The Hindu,Chennai • The Hindu,https://www.thehindu.com/news/cities/chennai/,36,EAGLE flags leasing of chemical reactors for manufacturing illicit drugs in Telangana,https://www.thehindu.com/news/national/telangana/eagle-flags-leasing-of-chemical-reactors-for-manufacturing-illicit-drugs-in-telangana/article71547227.ece,2026-10-05T14:11:24+00:00
Chennai,The Hindu,Chennai • The Hindu,https://www.thehindu.com/news/cities/chennai/,37,Cadaveric organ retrieval workshop held at Gadag medical college,https://www.thehindu.com/news/national/karnataka/cadaveric-organ-retrieval-workshop-held-at-gadag-medical-college/article71547092.ece,2026-10-05T14:11:24+00:00
Chennai,The Hindu,Chennai • The Hindu,https://www.thehindu.com/news/cities/chennai/,38,Water level in Papanasam Dam stands at 44 feet,https://www.thehindu.com/news/cities/Madurai/water-level-in-papanasam-dam-stands-at-44-feet/article71547244.ece,2026-10-05T14:11:24+00:00
Lucknow,Jagran,Lucknow • Jagran,https://www.jagran.com/uttar-pradesh/lucknow-city,1,"विद्यार्थियों को शनिवार को अवकाश में भी मिलेगा पासपोर्ट बनावाने का अप्वाइंटमेंट, युवाओं को खास मौका",https://www.jagran.com/uttar-pradesh/lucknow-city-students-can-get-passport-appointments-even-on-saturdays-a-special-opportunity-for-the-youth-40395344.html,2026-10-05T14:11:24+00:00
Lucknow,Jagran,Lucknow • Jagran,https://www.jagran.com/uttar-pradesh/lucknow-city,2,"बुआ मायावती ने आकाश आनंद को फिर किया माफ, बसपा में कराई वापसी और बनाया नेशनल कॉर्डिनेटर",https://www.jagran.com/uttar-pradesh/lucknow-city-bsp-president-mayawati-again-forgive-akash-anand-and-took-back-in-bahujan-samaj-party-appointed-national-coordinator-40395295.html,2026-10-05T14:11:24+00:00
Lucknow,Jagran,Lucknow • Jagran,https://www.jagran.com/uttar-pradesh/lucknow-city,3,"सीएम योगी आदित्यनाथ ने लखनऊ में किया बाढ़ग्रस्त क्षेत्रों का सर्वेक्षण, फैजुल्लागंज से नैमिष तक बनेगा तटबंध",https://www.jagran.com/uttar-pradesh/lucknow-city-cm-yogi-adityanath-aerial-surveyed-floodaffected-areas-in-lucknow-an-embankment-will-be-constructed-from-faizullaganj-to-naimish-40395259.html,2026-10-05T14:11:24+00:00
Lucknow,Jagran,Lucknow • Jagran,https://www.jagran.com/uttar-pradesh/lucknow-city,4,"ओबीसी, दलित; ब्राह्मण और ठाकुर चेहरों का संतुलन, भाजपा के राज्यसभा दांव में 2027 का संदेश",https://www.jagran.com/uttar-pradesh/lucknow-city-bjp-up-rajya-sabha-picks-caste-balance-and-2027-strategy-40395191.html,2026-10-05T14:11:24+00:00
Lucknow,Jagran,Lucknow • Jagran,https://www.jagran.com/uttar-pradesh/lucknow-city,5,"यूपी के स्कूलों में स्वच्छता और हरित परिवेश की नई मिसाल, SHVR में कानपुर देहात अव्वल",https://www.jagran.com/uttar-pradesh/lucknow-city-up-schools-excel-in-shvr-kanpur-dehat-tops-state-rating-40395172.html,2026-10-05T14:11:24+00:00
Lucknow,Jagran,Lucknow • Jagran,https://www.jagran.com/uttar-pradesh/lucknow-city,6,"उत्तर प्रदेश राज्यसभा चुनाव के लिए भाजपा के आठ प्रत्याशी घोषित, उम्मीदवार अपने क्षेत्र के कद्दावर नेता",https://www.jagran.com/uttar-pradesh/lucknow-city-bjp-announces-eight-candidates-for-the-rajya-sabha-elections-in-uttar-pradesh-the-nominees-are-influential-leaders-from-their-respective-regions-40395165.html,2026-10-05T14:11:24+00:00
Lucknow,Jagran,Lucknow • Jagran,https://www.jagran.com/uttar-pradesh/lucknow-city,7,"योगी सरकार ने बदली यूपी की जर्जर जल संरचनाओं की तस्वीर, सिंचाई और बाढ़ नियंत्रण को मिली नई ताकत",https://www.jagran.com/uttar-pradesh/lucknow-city-yogi-govt-modernizes-up-water-infrastructure-for-irrigation-flood-control-40395150.html,2026-10-05T14:11:24+00:00
Lucknow,Jagran,Lucknow • Jagran,https://www.jagran.com/uttar-pradesh/lucknow-city,8,"68500 शिक्षक भर्ती के अभ्यर्थियों का शिक्षा मंत्री के आवास पर प्रदर्शन, सीटी बजाकर उठाई आरक्षण मांग",https://www.jagran.com/uttar-pradesh/lucknow-city-up-68500-teacher-recruitment-protesters-demand-reservation-justice-40395136.html,2026-10-05T14:11:24+00:00
Lucknow,Jagran,Lucknow • Jagran,https://www.jagran.com/uttar-pradesh/lucknow-city,9,"भाजपा के राज्यसभा चुनाव प्रत्याशी घोषित : ओबीसी, दलित, ब्राह्मण, ठाकुर और महिला चेहरों का मेल",https://www.jagran.com/uttar-pradesh/lucknow-city-bjp-announces-up-rajya-sabha-election-candidates-a-mix-of-obc-dalit-brahmin-thakur-and-women-faces-40395134.html,2026-10-05T14:11:24+00:00
Lucknow,Jagran,Lucknow • Jagran,https://www.jagran.com/uttar-pradesh/lucknow-city,10,"भाजपा ने यूपी से सभी कयासों को झुठलाया, केंद्र सरकार के मंत्री हरदीप सिंह पुरी व बीएल वर्मा का पत्ता कटा",https://www.jagran.com/uttar-pradesh/lucknow-city-bjp-surprised-again-declared-eight-candidates-for-rajya-sabha-election-did-not-give-ticket-to-modi-minister-hardeep-singh-puri-and-bl-varma-40395101.html,2026-10-05T14:11:24+00:00
Lucknow,Jagran,Lucknow • Jagran,https://www.jagran.com/uttar-pradesh/lucknow-city,11,"यूपी भाजपा ने राज्यसभा के लिए 8 उम्मीदवारों का किया एलान, बाराबंकी की पूर्व सांसद प्रियंका रावत को टिकट",https://www.jagran.com/uttar-pradesh/lucknow-city-up-rajya-sabha-election-bjp-names-8-rajya-sabha-candidates-priyanka-rawat-shruti-gangwar-40395069.html,2026-10-05T14:11:24+00:00
Lucknow,Jagran,Lucknow • Jagran,https://www.jagran.com/uttar-pradesh/lucknow-city,12,"उत्तर प्रदेश के बुजुर्गों को अब हर महीने मिलेंगे 1500 रुपये, वृद्धावस्था पेंशन के नए नियम की क्या है पात्रता?",https://www.jagran.com/uttar-pradesh/lucknow-city-up-old-age-pension-scheme-hiked-to-1500-rupees-per-month-by-yogi-government-know-eligibility-and-details-40394971.html,2026-10-05T14:11:24+00:00
Lucknow,Jagran,Lucknow • Jagran,https://www.jagran.com/uttar-pradesh/lucknow-city,13,"लखनऊ में दरोगा की नेम प्लेट और फर्जी ऑफर लेटर दिखाकर 22.45 लाख का लगाया चूना, ऐसे बिछाया जाल",https://www.jagran.com/uttar-pradesh/lucknow-city-lucknow-job-scam-woman-duped-of-2245-lakh-with-fake-offers-40395031.html,2026-10-05T14:11:24+00:00
Lucknow,Jagran,Lucknow • Jagran,https://www.jagran.com/uttar-pradesh/lucknow-city,14,"यूपी में कैसा रहेगा कल का मौसम? पूर्वी इलाकों में बारिश और आंधी-तूफान की चेतावनी, IMD ने जारी किया अपडेट",https://www.jagran.com/uttar-pradesh/lucknow-city-up-weather-update-imd-forecasts-rain-storms-oct-510-40395007.html,2026-10-05T14:11:24+00:00
Lucknow,Jagran,Lucknow • Jagran,https://www.jagran.com/uttar-pradesh/lucknow-city,15,"जनता दर्शन में मुख्यमंत्री योगी आदित्यनाथ ने सुनी लोगों की फरियाद, दिया शीघ्र समाधान का भरोसा",https://www.jagran.com/uttar-pradesh/lucknow-city-cm-yogi-adityanath-listened-grievances-of-public-at-the-janata-darshan-and-assured-them-of-a-speedy-resolution-40395008.html,2026-10-05T14:11:24+00:00
Lucknow,Jagran,Lucknow • Jagran,https://www.jagran.com/uttar-pradesh/lucknow-city,16,"'कोरोना' से लेकर 'पनौती' तक... यूपी के इन गांवों के अजीबोगरीब नाम सुनकर पकड़ लेंगे माथा, नहीं रोक पाएंगे हंसी",https://www.jagran.com/uttar-pradesh/lucknow-city-up-villages-with-strange-names-from-panauti-to-bhainsa-40394914.html,2026-10-05T14:11:24+00:00
Lucknow,Jagran,Lucknow • Jagran,https://www.jagran.com/uttar-pradesh/lucknow-city,17,लखनऊ में गोमती नदी का जलस्तर बढ़ने से निचले इलाकों में बाढ़ के हालात,https://www.jagran.com/uttar-pradesh/lucknow-city-water-level-of-gomti-river-created-flood-like-situation-in-lucknow-cm-yogi-adityanath-will-have-aerial-view-40394958.html,2026-10-05T14:11:24+00:00
Lucknow,Jagran,Lucknow • Jagran,https://www.jagran.com/uttar-pradesh/lucknow-city,18,"UP राज्यसभा चुनाव के लिए BJP आज घोषित कर सकती प्रत्याशी, संभावितों में दो केंद्रीय मंत्री के साथ आठ नाम",https://www.jagran.com/uttar-pradesh/lucknow-city-bjp-may-announce-its-up-candidates-for-the-rajya-sabha-elections-today-the-list-of-probables-includes-eight-names-including-two-union-ministers-40394892.html,2026-10-05T14:11:24+00:00
Lucknow,Jagran,Lucknow • Jagran,https://www.jagran.com/uttar-pradesh/lucknow-city,19,"पितृ पक्ष पर सीएम योगी आदित्यनाथ ने अपनी पाती में लिखा, औरंगजेब ने पिता शाहजहां को पानी के लिए तरसाया",https://www.jagran.com/uttar-pradesh/lucknow-city-cm-yogi-adityanath-message-in-pitru-paksha-cm-yogi-adityanath-wrote-that-aurangzeb-deprived-his-father-shah-jahan-of-water-40394850.html,2026-10-05T14:11:24+00:00
Lucknow,Jagran,Lucknow • Jagran,https://www.jagran.com/uttar-pradesh/lucknow-city,20,"यूपी के 57,600 गांवों में खुली डिजिटल लाइब्रेरी, सीएम योगी बोले- बच्चों के द्वार तक पहुंच रही 'ज्ञान की रोशनी'",https://www.jagran.com/uttar-pradesh/lucknow-city-up-digital-libraries-57600-villages-now-connected-says-cm-yogi-40394823.html,2026-10-05T14:11:24+00:00
Lucknow,Jagran,Lucknow • Jagran,https://www.jagran.com/uttar-pradesh/lucknow-city,21,व‍िमान में सवार 174 लोगों की जान बचाने वाले कैप्टन स्मित मच्छार की सेहत के लि‍ए काशी विश्वनाथ धाम में विशेष अनुष्ठान,https://www.jagran.com/uttar-pradesh/varanasi-city-kashi-vishwanath-ceremony-for-captain-smit-machhar-recovery-40390873.html,2026-10-05T14:11:24+00:00
Lucknow,Jagran,Lucknow • Jagran,https://www.jagran.com/uttar-pradesh/lucknow-city,22,"पूर्व मंत्री रघुराज प्रताप सिंह ने की कैप्टन स्मित मछार को भारतीय वायुसेना में लेने की मांग, बताया दिलेर इंसान",https://www.jagran.com/uttar-pradesh/lucknow-city-ex-up-minister-raghuraj-pratap-singh-demand-to-include-captain-smit-machhar-in-indian-air-force-says-courageous-human-40391349.html,2026-10-05T14:11:24+00:00
Lucknow,Jagran,Lucknow • Jagran,https://www.jagran.com/uttar-pradesh/lucknow-city,23,"घरेलू कनेक्शन धारकों की समस्या बढ़ गई: महंगा मिलेगा LPG सिलिंडर, मैनपुरी में 30% उपभोक्ताओं की रह गई E-Kyc",https://www.jagran.com/uttar-pradesh/mainpuri-lpg-cylinders-to-become-costlier-30-percent-of-consumers-have-yet-to-complete-e-kyc-40392160.html,2026-10-05T14:11:24+00:00
Lucknow,Jagran,Lucknow • Jagran,https://www.jagran.com/uttar-pradesh/lucknow-city,24,"राज्यसभा चुनाव के लिए भाजपा की रणनीति तैयार, पश्चिमी उत्तर प्रदेश से कुमार विश्वास की दावेदारी मजबूत",https://www.jagran.com/uttar-pradesh/meerut-city-bjp-rajya-sabha-kumar-vishwas-satyapal-singh-from-western-up-40390846.html,2026-10-05T14:11:24+00:00
Lucknow,Jagran,Lucknow • Jagran,https://www.jagran.com/uttar-pradesh/lucknow-city,25,"30 अजगर, 71 कोबरा, 62 वाइपर, तेंदुआ और मोर का किया रेस्क्यू; गाजियाबाद में 574 वन्यजीवों को बचाया",https://www.jagran.com/uttar-pradesh/ghaziabad-ghaziabad-forest-dept-rescues-574-wildlife-including-leopard-40393527.html,2026-10-05T14:11:24+00:00
Lucknow,Jagran,Lucknow • Jagran,https://www.jagran.com/uttar-pradesh/lucknow-city,26,"308 चक्‍कों वाले 'महाट्रक' के लखीमपुर खीरी तक पहुंचने में अभी तमाम रोड़े, वाराणसी में फुट ओवरब्रिज हटाने की आई नौबत",https://www.jagran.com/uttar-pradesh/varanasi-city-varanasi-megatruck-foot-overbridge-removed-for-boiler-transport-40391313.html,2026-10-05T14:11:24+00:00
Lucknow,Jagran,Lucknow • Jagran,https://www.jagran.com/uttar-pradesh/lucknow-city,27,"वाराणसी से 45 घंटे बाद ब्वायलर लदा ट्रक आगे बढ़ा, गाजीपुर तक पहुंच पाना बना चुनौती, शिपिंग कंपनी की कार्यशैली से प्रशासन नाराज",https://www.jagran.com/uttar-pradesh/varanasi-city-a-truck-loaded-with-a-boiler-moved-forward-from-varanasi-after-45-hours-reaching-ghazipur-proved-to-be-a-challenge-40389861.html,2026-10-05T14:11:24+00:00
Lucknow,Jagran,Lucknow • Jagran,https://www.jagran.com/uttar-pradesh/lucknow-city,28,"गाजीपुर में 308 पहियों वाले ट्रक से आ रहा 200 टन का वेसल, बिरनो टोल पर तोड़नी होगी लेन",https://www.jagran.com/uttar-pradesh/ghazipur-ghazipur-308-wheeled-truck-carrying-200-ton-boiler-enters-40392776.html,2026-10-05T14:11:24+00:00
Lucknow,Jagran,Lucknow • Jagran,https://www.jagran.com/uttar-pradesh/lucknow-city,29,"मुजफ्फरपुर में रिश्वतखोरी पर एसएसपी का कड़ा एक्शन, हथौड़ी थाने का जमादार निलंबित",https://www.jagran.com/bihar/muzaffarpur-muzaffarpur-ssp-suspends-hathauri-asi-over-bribery-allegations-40395395.html,2026-10-05T14:11:24+00:00
Lucknow,Jagran,Lucknow • Jagran,https://www.jagran.com/uttar-pradesh/lucknow-city,30,"लंदन से अमेरिका जा रही फ्लाइट BA295 में इमरजेंसी, अचानक 9 हजार फीट नीचे आया विमान",https://www.jagran.com/world/united-kingdom-british-airways-ba295-emergency-flight-drops-28000-feet-40395398.html,2026-10-05T14:11:24+00:00
Lucknow,Jagran,Lucknow • Jagran,https://www.jagran.com/uttar-pradesh/lucknow-city,31,"गाजीपुर में गीली मिट्टी में धंस गया 308 पहियों वाला मेगाट्रक, टीम के सामने आई बड़ी मुसीबत, आगे बढ़ना हो गया मुश्‍क‍िल",https://www.jagran.com/uttar-pradesh/ghazipur-308-wheel-mega-truck-sinks-into-wet-soil-in-ghazipur-moving-forward-becomes-difficult-40395393.html,2026-10-05T14:11:24+00:00
Lucknow,Jagran,Lucknow • Jagran,https://www.jagran.com/uttar-pradesh/lucknow-city,32,"TV के सुपरहीरो ने निभाया था Shah Rukh Khan के बचपन का किरदार, एक्टिंग छोड़ बना टेक वर्ल्ड का 'किंग'",https://www.jagran.com/entertainment/bollywood-sumeet-pathak-played-young-shah-rukh-khan-in-baazigar-became-tv-superhero-now-hustling-as-media-tech-company-owner-40395392.html,2026-10-05T14:11:24+00:00
Lucknow,Jagran,Lucknow • Jagran,https://www.jagran.com/uttar-pradesh/lucknow-city,33,"सोनीपत में पहचान छिपाकर शादी का मामला, महिला पर धर्म परिवर्तन का दबाव",https://www.jagran.com/haryana/sonipat-sonipat-woman-deceived-hidden-identity-forced-conversion-40395355.html,2026-10-05T14:11:24+00:00
Lucknow,Jagran,Lucknow • Jagran,https://www.jagran.com/uttar-pradesh/lucknow-city,34,"ओमानी को-पायलट ने उड़ते विमान के दोनों इंजन कर दिए थे बंद, फ्लाइट को क्रैश कराने की थी कोशिश; रिपोर्ट में खुलासा",https://www.jagran.com/world/other-flydubai-co-pilot-tried-to-crash-plane-israeli-target-revealed-40394589.html,2026-10-05T14:11:24+00:00
Lucknow,Jagran,Lucknow • Jagran,https://www.jagran.com/uttar-pradesh/lucknow-city,35,कैसे हुई इतनी बड़ी चूक? रिपोर्ट में दावा- UAE ने पहले ही सौंप दी थी इजरायल को क्रू और यात्रियों की लिस्ट,https://www.jagran.com/world/other-uae-shared-flydubai-flight-crew-list-with-israel-before-omani-copilot-attack-on-indian-pilot-smit-machchar-40394681.html,2026-10-05T14:11:24+00:00
Lucknow,Jagran,Lucknow • Jagran,https://www.jagran.com/uttar-pradesh/lucknow-city,36,"खेल-खेल में 15 साल के लड़के ने 13 साल के बच्चे की छाती में घोंपा चाकू, तीन बार घुमाया; फरीदाबाद में मर्डर से सनसनी",https://www.jagran.com/haryana/faridabad-faridabad-11yearold-boy-stabbed-to-death-by-neighbor-40394702.html,2026-10-05T14:11:24+00:00
Lucknow,Jagran,Lucknow • Jagran,https://www.jagran.com/uttar-pradesh/lucknow-city,37,"जम्मू-कश्मीर: राजौरी में LoC पार कर भारत पहुंची PoK की महिला, जवानों ने बॉर्डर पर पकड़ा",https://www.jagran.com/jammu-and-kashmir/rajouri-rajouri-nowshera-loc-pojk-woman-detained-border-security-investigation-40392830.html,2026-10-05T14:11:24+00:00
Lucknow,Jagran,Lucknow • Jagran,https://www.jagran.com/uttar-pradesh/lucknow-city,38,Did You Know,https://www.jagran.com/did-you-know-news-hindi.html,2026-10-05T14:11:24+00:00
Lucknow,Jagran,Lucknow • Jagran,https://www.jagran.com/uttar-pradesh/lucknow-city,39,Mutual Funds मास्टरी,https://www.jagran.com/events/jagran-next/mutual-funds-mastery/index.html,2026-10-05T14:11:24+00:00
Lucknow,Jagran,Lucknow • Jagran,https://www.jagran.com/uttar-pradesh/lucknow-city,40,IND Vs AFG सीरीज,https://www.jagran.com/topics/ind-vs-afg-t20,2026-10-05T14:11:24+00:00
Lucknow,Jagran,Lucknow • Jagran,https://www.jagran.com/uttar-pradesh/lucknow-city,41,काम की खबर,https://www.jagran.com/topics/utility,2026-10-05T14:11:24+00:00
Lucknow,Jagran,Lucknow • Jagran,https://www.jagran.com/uttar-pradesh/lucknow-city,42,आज का राशिफल,https://www.jagran.com/topics/aaj-ka-rashifal,2026-10-05T14:11:24+00:00
Lucknow,Jagran,Lucknow • Jagran,https://www.jagran.com/uttar-pradesh/lucknow-city,43,स्पोर्ट्स मैच देखें,https://www.jagran.com/sports-watch/cricket,2026-10-05T14:11:24+00:00
Lucknow,Jagran,Lucknow • Jagran,https://www.jagran.com/uttar-pradesh/lucknow-city,44,Submit your news,https://www.jagran.com/citizen-journalism-hindi.html,2026-10-05T14:11:24+00:00
Lucknow,Jagran,Lucknow • Jagran,https://www.jagran.com/uttar-pradesh/lucknow-city,45,Message from the Editor,https://www.jagran.com/policies-and-standards.html,2026-10-05T14:11:24+00:00
Bhopal,Bhaskar,Bhopal • Bhaskar,https://www.bhaskar.com/local/mp/bhopal/,1,जॉब - एजुकेशन,https://www.bhaskar.com/career/,2026-10-05T14:11:24+00:00
Bhopal,Bhaskar,Bhopal • Bhaskar,https://www.bhaskar.com/local/mp/bhopal/,2,"भोपाल के 30 इलाकों में असर; प्रियंका नगर, जेपी नगर में भी सप्लाई नहीं|भोपाल,Bhopal - Dainik Bhaskar",https://www.bhaskar.com/local/mp/bhopal/news/bhopal-power-cut-maintenance-list-eidgah-saket-nagar-update-139258000.html,2026-10-05T14:11:24+00:00
Bhopal,Bhaskar,Bhopal • Bhaskar,https://www.bhaskar.com/local/mp/bhopal/,3,"कहा- एक-दूसरे पर पल्ला झाड़ना बंद करें; 10 दिन में तय करें FTL और बफर जोन|भोपाल,Bhopal - Dainik Bhaskar",https://www.bhaskar.com/local/mp/bhopal/news/ngt-bhopal-shahpura-lake-encroachment-demolition-order-latest-news-139257801.html,2026-10-05T14:11:24+00:00
Bhopal,Bhaskar,Bhopal • Bhaskar,https://www.bhaskar.com/local/mp/bhopal/,4,"बिना अनुमति कर लिया था निर्माण; अब 10 दिन में खुद हटाएंगे|भोपाल,Bhopal - Dainik Bhaskar",https://www.bhaskar.com/local/mp/bhopal/news/bhopal-kohefiza-ahmedabad-palace-road-encroachment-demolition-news-139258163.html,2026-10-05T14:11:24+00:00
Bhopal,Bhaskar,Bhopal • Bhaskar,https://www.bhaskar.com/local/mp/bhopal/,5,"बोले-घर के काम कराती हैं, फेल करने की धमकी देती हैं; ट्रांसफर, जांच शुरू|भोपाल,Bhopal - Dainik Bhaskar",https://www.bhaskar.com/g/local/mp/bhopal/news/bhopal-school-protest-teacher-students-misrod-cctv-controversy-139253539.html,2026-10-05T14:11:24+00:00
Bhopal,Bhaskar,Bhopal • Bhaskar,https://www.bhaskar.com/local/mp/bhopal/,6,"बुंदेली समागम में कहा- मुझे क्या पता था मुख्यमंत्री बनते ही इतनी भारी मार पड़ती है|भोपाल,Bhopal - Dainik Bhaskar",https://www.bhaskar.com/local/mp/bhopal/news/bhopal-bundeli-samagam-cm-mohan-yadav-ladli-behna-statement-139248987.html,2026-10-05T14:11:24+00:00
Bhopal,Bhaskar,Bhopal • Bhaskar,https://www.bhaskar.com/local/mp/bhopal/,7,"वृंदावन में मिली आखिरी लोकेशन; 5 राज्यों में पुलिस की 12 टीमें तलाश रहीं|भोपाल,Bhopal - Dainik Bhaskar",https://www.bhaskar.com/g/local/mp/bhopal/news/bhopal-retired-ias-rakesh-agarwal-murder-case-caretaker-cctv-footage-139246426.html,2026-10-05T14:11:24+00:00
Bhopal,Bhaskar,Bhopal • Bhaskar,https://www.bhaskar.com/local/mp/bhopal/,8,"एम्बुलेंस रैली निकाली; 8 अक्टूबर से योजना के बहिष्कार की चेतावनी|भोपाल,Bhopal - Dainik Bhaskar",https://www.bhaskar.com/local/mp/bhopal/news/bhopal-private-hospitals-ayushman-yojana-protest-boycott-strike-139256398.html,2026-10-05T14:11:24+00:00
Bhopal,Bhaskar,Bhopal • Bhaskar,https://www.bhaskar.com/local/mp/bhopal/,9,"कृषि विभाग में 1500 नई भर्ती जल्द, 3357 को मिला प्रमोशन; GAD पर तंज- जलेबी की दुकान बंद कराएंगे|भोपाल,Bhopal - Dainik Bhaskar",https://www.bhaskar.com/g/local/mp/bhopal/news/mohan-yadav-mp-government-dpc-promotion-officers-statement-139254253.html,2026-10-05T14:11:24+00:00
Bhopal,Bhaskar,Bhopal • Bhaskar,https://www.bhaskar.com/local/mp/bhopal/,10,"संतों को सेवादारों पर भरोसा नहीं तो सुरक्षा कौन देगा; धीरेंद्र शास्त्री ने कहा था- महिलाएं अकेली न आएं|भोपाल,Bhopal - Dainik Bhaskar",https://www.bhaskar.com/g/local/mp/bhopal/news/bageshwar-dham-dhirendra-shastri-harsha-richaria-ashram-statement-139251944.html,2026-10-05T14:11:24+00:00
Bhopal,Bhaskar,Bhopal • Bhaskar,https://www.bhaskar.com/local/mp/bhopal/,11,"बोले-किस पद के लिए करें आवेदन, विभाग का अधिकारियों को निर्देश-संवाद करके भरवाएं फार्म|भोपाल,Bhopal - Dainik Bhaskar",https://www.bhaskar.com/g/local/mp/bhopal/news/madhya-pradesh-teachers-hunger-strike-tet-application-pressure-139248739.html,2026-10-05T14:11:24+00:00
Bhopal,Bhaskar,Bhopal • Bhaskar,https://www.bhaskar.com/local/mp/bhopal/,12,"28 हजार पद बढ़ाने CM को लिखा पत्र; मंत्री टेटवाल बोले- राहुल अनगाइडेड मिसाइल हैं|भोपाल,Bhopal - Dainik Bhaskar",https://www.bhaskar.com/g/local/mp/bhopal/news/madhya-pradesh-teacher-recruitment-rahul-gandhi-cm-mohan-yadav-letter-139254478.html,2026-10-05T14:11:24+00:00
Bhopal,Bhaskar,Bhopal • Bhaskar,https://www.bhaskar.com/local/mp/bhopal/,13,"MP में 7-8 अक्टूबर को बारिश; सतना-रीवा समेत 14 शहरों में गिरेगा पानी|भोपाल,Bhopal - Dainik Bhaskar",https://www.bhaskar.com/g/local/mp/bhopal/news/madhya-pradesh-weather-update-rain-alert-temperature-drop-forecast-139246994.html,2026-10-05T14:11:24+00:00
Bhopal,Bhaskar,Bhopal • Bhaskar,https://www.bhaskar.com/local/mp/bhopal/,14,"कर्नाटक के गृह मंत्री ने कहा- RSS को हिंदू धर्म का सिर-पैर नहीं पता|भोपाल,Bhopal - Dainik Bhaskar",https://www.bhaskar.com/local/mp/bhopal/news/karnataka-priyank-kharge-rss-digvijay-singh-hindu-dharma-controversy-139257477.html,2026-10-05T14:11:24+00:00
Bhopal,Bhaskar,Bhopal • Bhaskar,https://www.bhaskar.com/local/mp/bhopal/,15,"CM बोले- प्रमोशन करना ही पड़ेगा; साध्वी बोलीं- आश्रमों में क्यों जाना; टिफिन कम मिला तो बैंक में फायरिंग|भोपाल,Bhopal - Dainik Bhaskar",https://www.bhaskar.com/local/mp/news/mp-top-10-news-headline-cm-promotion-sadhvi-bank-firing-update-139257067.html,2026-10-05T14:11:24+00:00
Bhopal,Bhaskar,Bhopal • Bhaskar,https://www.bhaskar.com/local/mp/bhopal/,16,"4 गांवों की 2134 हेक्टेयर जमीन पर सैटेलाइट सिटी; नहीं मिलेगा सीवेज|भोपाल,Bhopal - Dainik Bhaskar",https://www.bhaskar.com/local/mp/news/amarkantak-satellite-city-narmada-origin-development-plan-mp-news-139251324.html,2026-10-05T14:11:24+00:00
Bhopal,Bhaskar,Bhopal • Bhaskar,https://www.bhaskar.com/local/mp/bhopal/,17,"हर जगह नहीं उतर सकता, उड़ाने और रनवे पर भी करोड़ों लगेंगे; फिर इतना इंवेस्टमेंट क्यों?|भोपाल,Bhopal - Dainik Bhaskar",https://www.bhaskar.com/local/mp/news/madhya-pradesh-government-bombardier-challenger-jet-vip-travel-139251285.html,2026-10-05T14:11:24+00:00
Bhopal,Bhaskar,Bhopal • Bhaskar,https://www.bhaskar.com/local/mp/bhopal/,18,"एक युवक की मौत, दूसरा गंभीर; देर रात घूमने निकले थे दोनों दोस्त, 1250 अस्पताल में भर्ती|भोपाल,Bhopal - Dainik Bhaskar",https://www.bhaskar.com/g/local/mp/bhopal/news/bhopal-bike-accident-neelam-park-youth-death-hospital-news-139254497.html,2026-10-05T14:11:24+00:00
Bhopal,Bhaskar,Bhopal • Bhaskar,https://www.bhaskar.com/local/mp/bhopal/,19,"भारत-वेस्टइंडीज मैच की पिच इंग्लैंड की रिसर्च के आधार पर हो रही तैयार|भोपाल,Bhopal - Dainik Bhaskar",https://www.bhaskar.com/g/local/mp/indore/news/indore-holkar-stadium-pitch-research-bcci-west-indies-cricket-match-139247993.html,2026-10-05T14:11:24+00:00
Bhopal,Bhaskar,Bhopal • Bhaskar,https://www.bhaskar.com/local/mp/bhopal/,20,"भोपाल में त्योहार पर 92 प्रतिशत बढ़ी ईवी की बिक्री, सीएनजी का भी क्रेज|भोपाल,Bhopal - Dainik Bhaskar",https://www.bhaskar.com/g/local/mp/bhopal/news/customers-buying-vehicles-by-changing-fuel-options-dbp-139251325.html,2026-10-05T14:11:24+00:00
Bhopal,Bhaskar,Bhopal • Bhaskar,https://www.bhaskar.com/local/mp/bhopal/,21,"16 नए रूट पर बसें; जनवरी से मंडीदीप-सीहोर के गांवों तक सीधा सफर|भोपाल,Bhopal - Dainik Bhaskar",https://www.bhaskar.com/g/local/mp/bhopal/news/the-restriction-of-municipal-limits-is-over-dbp-139251254.html,2026-10-05T14:11:24+00:00
Bhopal,Bhaskar,Bhopal • Bhaskar,https://www.bhaskar.com/local/mp/bhopal/,22,"मेलों में लगने वाले झूलों की सुरक्षा जांचने से विभागों ने खींचे हाथ|भोपाल,Bhopal - Dainik Bhaskar",https://www.bhaskar.com/g/local/mp/bhopal/news/the-electricity-department-said-we-will-only-look-at-the-wires-and-supply-dbp-139251160.html,2026-10-05T14:11:24+00:00
Bhopal,Bhaskar,Bhopal • Bhaskar,https://www.bhaskar.com/local/mp/bhopal/,23,"टॉयलेट का काम पोर्टल पर पूरा, जमीन पर न सीट-न दरवाजे|भोपाल,Bhopal - Dainik Bhaskar",https://www.bhaskar.com/g/local/mp/bhopal/news/toilet-a-scam-story-fraud-in-the-construction-of-girls-toilets-dbp-139251070.html,2026-10-05T14:11:24+00:00
Bhopal,Bhaskar,Bhopal • Bhaskar,https://www.bhaskar.com/local/mp/bhopal/,24,"20 करोड़ रुपए की मशीनें लीं, जरूरी उपकरण नहीं; एमआरआई अटकी|भोपाल,Bhopal - Dainik Bhaskar",https://www.bhaskar.com/g/local/mp/bhopal/news/this-is-the-condition-of-5-major-medical-colleges-of-the-state-including-bhopal-and-indore-dbp-139251028.html,2026-10-05T14:11:24+00:00
Bhopal,Bhaskar,Bhopal • Bhaskar,https://www.bhaskar.com/local/mp/bhopal/,25,"नींव कमजोर, गलियां ऐसी कि एंबुलेंस-दमकल-पुलिस भी न जा पाए|भोपाल,Bhopal - Dainik Bhaskar",https://www.bhaskar.com/g/local/mp/bhopal/news/the-foundation-is-weak-and-the-streets-are-so-narrow-that-even-ambulances-fire-engines-and-police-cannot-pass-through-dbp-139250877.html,2026-10-05T14:11:24+00:00
Bhopal,Bhaskar,Bhopal • Bhaskar,https://www.bhaskar.com/local/mp/bhopal/,26,"किसान आंदोलन से सबक, प्रदर्शनकारी अब सरहद पर ही रोके जाएंगे, एंट्री पॉइंट पर बैरिकेडिंग और कंटेनमेंट जोन की योजना|भोपाल,Bhopal - Dainik Bhaskar",https://www.bhaskar.com/g/local/mp/bhopal/news/the-team-returned-after-understanding-the-delhi-model-dbp-139250760.html,2026-10-05T14:11:24+00:00
Bhopal,Bhaskar,Bhopal • Bhaskar,https://www.bhaskar.com/local/mp/bhopal/,27,"न बिजली, न मोबाइल; गुरुकुल में बच्चे, 60 लोगों ने चुनी वैदिक जिंदगी, खुद उगा रहे अपना अनाज|भोपाल,Bhopal - Dainik Bhaskar",https://www.bhaskar.com/g/local/mp/bhopal/news/bhaktigram-started-in-vidisha-mp-from-2021-dbp-139250670.html,2026-10-05T14:11:24+00:00
Bhopal,Bhaskar,Bhopal • Bhaskar,https://www.bhaskar.com/local/mp/bhopal/,28,"मप्र में हर साल 80 हजार कैंसर मरीज बढ़ रहे, इलाज निजी अस्पतालों के भरोसे|भोपाल,Bhopal - Dainik Bhaskar",https://www.bhaskar.com/g/local/mp/bhopal/news/80000-cancer-patients-are-increasing-every-year-in-madhya-pradesh-treatment-depends-on-private-hospitals-dbp-139250513.html,2026-10-05T14:11:24+00:00
Bhopal,Bhaskar,Bhopal • Bhaskar,https://www.bhaskar.com/local/mp/bhopal/,29,"100 सरकारी दफ्तरों में आधी दर पर सोलर बिजली, हर माह 27 लाख रुपए बचेंगे|भोपाल,Bhopal - Dainik Bhaskar",https://www.bhaskar.com/g/local/mp/bhopal/news/solar-power-will-be-available-at-half-the-rate-in-100-government-offices-saving-rs-27-lakh-per-month-dbp-139250512.html,2026-10-05T14:11:24+00:00
Bhopal,Bhaskar,Bhopal • Bhaskar,https://www.bhaskar.com/local/mp/bhopal/,30,"100 प्रतिशत भुगतान के बाद भी पजेशन नहीं, पीएम आवास में सीवेज-पानी की समस्या|भोपाल,Bhopal - Dainik Bhaskar",https://www.bhaskar.com/g/local/mp/bhopal/news/no-possession-despite-100-payment-sewage-and-water-problems-in-pm-housing-dbp-139250455.html,2026-10-05T14:11:24+00:00
Bhopal,Bhaskar,Bhopal • Bhaskar,https://www.bhaskar.com/local/mp/bhopal/,31,"14 थ्री डी जोन से समझें FIR से फैसले तक का सफर, पुलिस और कोर्ट का लाइव ट्रायल भी|भोपाल,Bhopal - Dainik Bhaskar",https://www.bhaskar.com/g/local/mp/bhopal/news/understand-the-journey-from-fir-to-verdict-through-14-3d-zones-including-live-trials-of-the-police-and-the-court-dbp-139250423.html,2026-10-05T14:11:24+00:00
Bhopal,Bhaskar,Bhopal • Bhaskar,https://www.bhaskar.com/local/mp/bhopal/,32,"नई पीढ़ी को 2003 से पहले का प्रदेश दिखाएगी भाजपा|भोपाल,Bhopal - Dainik Bhaskar",https://www.bhaskar.com/g/local/mp/bhopal/news/khandelwal-said-explain-the-difference-with-facts-dbp-139250389.html,2026-10-05T14:11:24+00:00
Bhopal,Bhaskar,Bhopal • Bhaskar,https://www.bhaskar.com/local/mp/bhopal/,33,"पहले नहीं, अब वाइब्रेंट गुजरात-दावोस के बाद हो सकती है मप्र की जीआईएस|भोपाल,Bhopal - Dainik Bhaskar",https://www.bhaskar.com/g/local/mp/bhopal/news/preparations-begin-at-bhopals-satgarhi-smart-industrial-park-dbp-139250388.html,2026-10-05T14:11:24+00:00
Bhopal,Bhaskar,Bhopal • Bhaskar,https://www.bhaskar.com/local/mp/bhopal/,34,"राम मंदिर के चंदे से बने भाजपा-आरएसएस के दफ्तर, चुनावों में भी इस्तेमाल|भोपाल,Bhopal - Dainik Bhaskar",https://www.bhaskar.com/g/local/mp/bhopal/news/former-chief-minister-digvijay-singh-said-dbp-139250387.html,2026-10-05T14:11:24+00:00
Bhopal,Bhaskar,Bhopal • Bhaskar,https://www.bhaskar.com/local/mp/bhopal/,35,"जिस गैप में करंट से गई जान, उसी सड़क के डिवाइडर पर 57 कट; इन्हें पार कर रहे लोग|भोपाल,Bhopal - Dainik Bhaskar",https://www.bhaskar.com/g/local/mp/bhopal/news/the-same-road-where-the-electrocution-killed-someone-has-57-cuts-on-its-divider-people-are-crossing-them-dbp-139250386.html,2026-10-05T14:11:24+00:00
Bhopal,Bhaskar,Bhopal • Bhaskar,https://www.bhaskar.com/local/mp/bhopal/,36,"80 प्रतिशत घरों में रहते हैं ‘घर जमाई’, विदिशा जिले में सिरोंज के भटौली गांव में अनूठी परंपरा चर्चा का विषय|भोपाल,Bhopal - Dainik Bhaskar",https://www.bhaskar.com/g/local/mp/bhopal/news/the-son-in-law-is-handling-the-legacy-dbp-139250326.html,2026-10-05T14:11:24+00:00
Bhopal,Bhaskar,Bhopal • Bhaskar,https://www.bhaskar.com/local/mp/bhopal/,37,"बांग्लादेशी कैंपों से युवतियां लाकर जम्मू-कश्मीर में शादी कराने वाला नेटवर्क पकड़ाया|भोपाल,Bhopal - Dainik Bhaskar",https://www.bhaskar.com/g/local/mp/bhopal/news/action-taken-on-information-from-bhopal-grp-dbp-139250942.html,2026-10-05T14:11:24+00:00
Bhopal,Bhaskar,Bhopal • Bhaskar,https://www.bhaskar.com/local/mp/bhopal/,38,बड़ा बजट: लाड़ली बहना और वेतन पर खर्च के लिए सरकार का अलग इंतजाम,https://www.bhaskar.com/g/local/mp/bhopal/news/separate-arrangements-made-by-the-government-for-expenditure-on-ladli-bahana-and-salary-dbp-139250603.html,2026-10-05T14:11:24+00:00
Bhopal,Bhaskar,Bhopal • Bhaskar,https://www.bhaskar.com/local/mp/bhopal/,39,सरकारी सुस्ती: खनिज बहुल जिलों की तस्वीर बदलने की योजना के तहत 9 जिलों में प्लान तक नहीं,https://www.bhaskar.com/g/local/mp/bhopal/news/nine-districts-lack-even-a-plan-to-transform-mineral-rich-districts-dbp-139250390.html,2026-10-05T14:11:24+00:00
Bhopal,Bhaskar,Bhopal • Bhaskar,https://www.bhaskar.com/local/mp/bhopal/,40,"पार्षद बी. शक्ति राव बनीं आज की ‘पब्लिक स्टार’; सड़क, नाली और बिजली से जुड़ी शिकायतें पहुंचीं जिम्मेदारों तक|भोपाल,Bhopal - Dainik Bhaskar",https://www.bhaskar.com/g/local/mp/bhopal/news/bhopal-ward-councillor-b-shakti-rao-public-star-civic-issues-fix-139246044.html,2026-10-05T14:11:24+00:00
Bhopal,Bhaskar,Bhopal • Bhaskar,https://www.bhaskar.com/local/mp/bhopal/,41,"तय क्षमता से ज्यादा विस्फोटक सामग्री मिली, कई अनियमितताएं सामने आईं|भोपाल,Bhopal - Dainik Bhaskar",https://www.bhaskar.com/local/mp/bhopal/news/bhopal-firecracker-factory-sealed-illegal-explosives-barasia-139248243.html,2026-10-05T14:11:24+00:00
Bhopal,Bhaskar,Bhopal • Bhaskar,https://www.bhaskar.com/local/mp/bhopal/,42,"6 अक्टूबर को लाल परेड ग्राउंड में AI से स्टार्टअप तक 17 विभाग बताएंगे जॉब|भोपाल,Bhopal - Dainik Bhaskar",https://www.bhaskar.com/local/mp/bhopal/news/cm-youth-conclave-bhopal-lal-parade-ground-jobs-skills-startup-139248085.html,2026-10-05T14:11:24+00:00
Bhopal,Bhaskar,Bhopal • Bhaskar,https://www.bhaskar.com/local/mp/bhopal/,43,Gyanesh Kumar Protest,https://www.bhaskar.com/g/national/news/mumbai-protest-uddhav-thackeray-raj-thackeray-gyanesh-kumar-election-139243338.html,2026-10-05T14:11:24+00:00
Bhopal,Bhaskar,Bhopal • Bhaskar,https://www.bhaskar.com/local/mp/bhopal/,44,Pakistan India Honeytrap,https://www.bhaskar.com/g/national/news/navy-sailor-arrested-honeytrap-pakistan-agent-andhra-pradesh-139242166.html,2026-10-05T14:11:24+00:00
Bhopal,Bhaskar,Bhopal • Bhaskar,https://www.bhaskar.com/local/mp/bhopal/,45,Flydubai Flight Security Norms,https://www.bhaskar.com/bhaskar-khaas/bhaskar-explainer/news/flydubai-pilot-al-hamami-radical-mindset-free-palestine-slogan-airline-security-norms-explained-139236436.html,2026-10-05T14:11:24+00:00
Bhopal,Bhaskar,Bhopal • Bhaskar,https://www.bhaskar.com/local/mp/bhopal/,46,Rohit Sharma ODI Runs,https://www.bhaskar.com/g/sports/cricket/news/india-vs-west-indies-odi-chandigarh-rohit-sharma-record-update-139238880.html,2026-10-05T14:11:24+00:00
Bhopal,Bhaskar,Bhopal • Bhaskar,https://www.bhaskar.com/local/mp/bhopal/,47,Smit Machchhar Israel PM,https://www.bhaskar.com/international/news/israel-pm-netanyahu-invites-flydubai-polot-captain-smit-machchhar-pm-modi-on-independence-day-139238742.html,2026-10-05T14:11:24+00:00
Bhopal,Bhaskar,Bhopal • Bhaskar,https://www.bhaskar.com/local/mp/bhopal/,48,Gyanesh Kumar Kerala,https://www.bhaskar.com/g/national/news/kerala-engineer-suicide-case-gyanesh-kumar-probe-order-139242338.html,2026-10-05T14:11:24+00:00
Bhopal,Bhaskar,Bhopal • Bhaskar,https://www.bhaskar.com/local/mp/bhopal/,49,Asian Games Medal Tally,https://www.bhaskar.com/g/sports/news/asian-games-india-medal-tally-aichi-nagoya-performance-update-139238277.html,2026-10-05T14:11:24+00:00
Bhopal,Bhaskar,Bhopal • Bhaskar,https://www.bhaskar.com/local/mp/bhopal/,50,Lymphatic Walking Benefits,https://www.bhaskar.com/lifestyle/news/lymphatic-walking-health-benefits-facts-how-to-do-weight-loss-fitness-trend-139235841.html,2026-10-05T14:11:24+00:00
Bhopal,Bhaskar,Bhopal • Bhaskar,https://www.bhaskar.com/local/mp/bhopal/,51,Rent A Garba Partner Scam,https://www.bhaskar.com/g/lifestyle/news/navratri-2026-rent-a-garba-partner-viral-trend-alert-gujarat-police-139235642.html,2026-10-05T14:11:24+00:00
Bhopal,Bhaskar,Bhopal • Bhaskar,https://www.bhaskar.com/local/mp/bhopal/,52,Govt Jobs 2026,https://www.bhaskar.com/career/news/jharkhand-teacher-recruitment-canara-bank-job-vacancies-update-139224398.html,2026-10-05T14:11:24+00:00
Bhopal,Bhaskar,Bhopal • Bhaskar,https://www.bhaskar.com/local/mp/bhopal/,53,Rainfall Flood Alert,https://www.bhaskar.com/g/national/news/lucknow-bihar-flood-crisis-gomti-river-update-139237588.html,2026-10-05T14:11:24+00:00
Bhopal,Bhaskar,Bhopal • Bhaskar,https://www.bhaskar.com/local/mp/bhopal/,54,Flydubai Flight Pilots,https://www.bhaskar.com/g/international/news/flydubai-flight-attack-pilot-smit-saudi-arabia-emergency-landing-139232573.html,2026-10-05T14:11:24+00:00
Bhopal,Bhaskar,Bhopal • Bhaskar,https://www.bhaskar.com/local/mp/bhopal/,55,Nushrratt Bharuccha Accident,https://www.bhaskar.com/g/entertainment/bollywood/news/bollywood-actress-injuries-nusrat-bharucha-mahima-chaudhary-annu-agarwal-hema-malini-139234395.html,2026-10-05T14:11:24+00:00
Bhopal,Bhaskar,Bhopal • Bhaskar,https://www.bhaskar.com/local/mp/bhopal/,56,Mika Singh Vs Diljit Dosanjh,https://www.bhaskar.com/g/entertainment/bollywood/news/mika-singh-diljit-dosanjh-border-2-promotion-controversy-statement-139242611.html,2026-10-05T14:11:24+00:00
Bhopal,Bhaskar,Bhopal • Bhaskar,https://www.bhaskar.com/local/mp/bhopal/,57,US Iran Diplomats,https://www.bhaskar.com/g/international/news/usa-expels-iranian-diplomats-new-york-un-general-assembly-139241792.html,2026-10-05T14:11:24+00:00
Bhopal,Bhaskar,Bhopal • Bhaskar,https://www.bhaskar.com/local/mp/bhopal/,58,Delhi Police Journalist Case,https://www.bhaskar.com/national/news/delhi-journalist-misconduct-protest-police-rahul-gandhi-amit-shah-139239768.html,2026-10-05T14:11:24+00:00
Bhopal,Bhaskar,Bhopal • Bhaskar,https://www.bhaskar.com/local/mp/bhopal/,59,Delhi Car Accident Video,https://www.bhaskar.com/g/national/news/delhi-elderly-couple-hit-car-accident-woman-driver-arrested-139241460.html,2026-10-05T14:11:24+00:00
Bhopal,Bhaskar,Bhopal • Bhaskar,https://www.bhaskar.com/local/mp/bhopal/,60,NEET Paper Leak,https://www.bhaskar.com/g/national/news/neet-ug-2026-paper-leak-cbi-chargesheet-nta-officials-update-139242083.html,2026-10-05T14:11:24+00:00
Bhopal,Bhaskar,Bhopal • Bhaskar,https://www.bhaskar.com/local/mp/bhopal/,61,SBI Har Ghar Lakhpati Scheme,https://www.bhaskar.com/g/business/news/sbi-har-ghar-lakhpati-scheme-child-investment-rules-2026-139242213.html,2026-10-05T14:11:24+00:00
Bhopal,Bhaskar,Bhopal • Bhaskar,https://www.bhaskar.com/local/mp/bhopal/,62,Samvida Employees Protest,https://www.bhaskar.com/g/local/mp/bhopal/news/bijli-company-contract-employees-protest-notification-deadline-139235398.html,2026-10-05T14:11:24+00:00
Bhopal,Bhaskar,Bhopal • Bhaskar,https://www.bhaskar.com/local/mp/bhopal/,63,Morning News Brief,https://www.bhaskar.com/national/video/morning-news-brief-today-latest-updates-top-headlines-4-october-2026-139235036.html,2026-10-05T14:11:24+00:00
Bhopal,Bhaskar,Bhopal • Bhaskar,https://www.bhaskar.com/local/mp/bhopal/,64,AI Cyber Attack,https://www.bhaskar.com/g/national/news/india-cyber-attack-ransomware-voice-phishing-microsoft-report-2026-139241347.html,2026-10-05T14:11:24+00:00
Bhopal,Bhaskar,Bhopal • Bhaskar,https://www.bhaskar.com/local/mp/bhopal/,65,Anant Singh Road Show,https://www.bhaskar.com/local/bihar/nalanda/news/patna-nalanda-nawada-road-show-anant-singh-jan-suraj-mlc-election-139230411.html,2026-10-05T14:11:24+00:00
Bhopal,Bhaskar,Bhopal • Bhaskar,https://www.bhaskar.com/local/mp/bhopal/,66,Lalu Prasad Rabri Devi,https://www.bhaskar.com/g/local/bihar/patna/news/irctc-scam-lalu-prasad-yadav-rabri-devi-tejashwi-delhi-court-case-139231586.html,2026-10-05T14:11:24+00:00
Bhopal,Bhaskar,Bhopal • Bhaskar,https://www.bhaskar.com/local/mp/bhopal/,67,Stock Market Update,https://www.bhaskar.com/g/business/news/nifty-sensex-market-crash-auto-media-stocks-trading-update-139207497.html,2026-10-05T14:11:24+00:00
Bhopal,Bhaskar,Bhopal • Bhaskar,https://www.bhaskar.com/local/mp/bhopal/,68,Aaj Ka Rashifal,https://www.bhaskar.com/jeevan-mantra/jyotish/news/aaj-ka-rashifal-sunday-horoscope-today-4-october-2026-singh-rashi-aries-taurus-gemini-cancer-meen-libra-leo-kanya-scorpio-sagittarius-and-other-signs-139236479.html,2026-10-05T14:11:24+00:00
Bhopal,Bhaskar,Bhopal • Bhaskar,https://www.bhaskar.com/local/mp/bhopal/,69,"यूपी में बदला मौसम, बाराबंकी में गिरे ओले",https://www.bhaskar.com/local/uttar-pradesh/news/uttar-pradesh-weather-update-prayagraj-varanasi-gorakhpur-up-flood-lucknow-gomti-river-photo-video-waterlogging-139251696.html,2026-10-05T14:11:24+00:00
Bhopal,Bhaskar,Bhopal • Bhaskar,https://www.bhaskar.com/local/mp/bhopal/,70,"42 सांसद, 8 मंत्री…फिर भी बिहार खाली हाथ क्यों?",https://www.bhaskar.com/local/bihar/news/bihar-floods-fund-allocation-controversy-odisha-pali-center-excellence-news-139251526.html,2026-10-05T14:11:24+00:00
Bhopal,Bhaskar,Bhopal • Bhaskar,https://www.bhaskar.com/local/mp/bhopal/,71,आजमगढ़ में शाम 3 बजे से शुरू हुई बारिश,https://www.bhaskar.com/local/uttar-pradesh/azamgarh/news/azamgarh-weather-update-temperature-drop-relief-heat-humidity-139251830.html,2026-10-05T14:11:24+00:00
Bhopal,Bhaskar,Bhopal • Bhaskar,https://www.bhaskar.com/local/mp/bhopal/,72,शोहरतगढ़ में बाढ़ पीड़ितों के समर्थन में उतरे मणेन्द्र मिश्रा,https://www.bhaskar.com/local/uttar-pradesh/siddharthnagar/soharatgarh/news/shohratgarh-flood-victims-protest-manendra-mishra-compensation-demand-139255857.html,2026-10-05T14:11:24+00:00
Bhopal,Bhaskar,Bhopal • Bhaskar,https://www.bhaskar.com/local/mp/bhopal/,73,"लखनऊ में दोपहर बाद धूप गायब, बादल छाए",https://www.bhaskar.com/local/uttar-pradesh/lucknow/news/lucknow-weather-update-sunny-day-temperature-rise-forecast-2026-139252162.html,2026-10-05T14:11:24+00:00
Bhopal,Bhaskar,Bhopal • Bhaskar,https://www.bhaskar.com/local/mp/bhopal/,74,पप्पू यादव ने मंत्री विजय चौधरी से मांगा इस्तीफा,https://www.bhaskar.com/local/bihar/patna/news/bihar-flood-pappu-yadav-demand-vijay-chaudhary-resignation-statement-139255095.html,2026-10-05T14:11:24+00:00
Bhopal,Bhaskar,Bhopal • Bhaskar,https://www.bhaskar.com/local/mp/bhopal/,75,राजस्थान में अक्टूबर में भी तेज गर्मी,https://www.bhaskar.com/local/rajasthan/jaipur/news/rajasthan-weather-update-heatwave-churu-bikaner-ganganagar-jaisalmer-139251615.html,2026-10-05T14:11:24+00:00
Bhopal,Bhaskar,Bhopal • Bhaskar,https://www.bhaskar.com/local/mp/bhopal/,76,"मेरठ में तेज धूप से बढ़ी उमस, 35°C पारा",https://www.bhaskar.com/local/uttar-pradesh/meerut/news/weather-update-forecast-today-mausam-news-2026-139253803.html,2026-10-05T14:11:24+00:00
Bhopal,Bhaskar,Bhopal • Bhaskar,https://www.bhaskar.com/local/mp/bhopal/,77,"जैसलमेर में अक्टूबर में जून जैसे तेवर, पारा 39.7 डिग्री",https://www.bhaskar.com/local/rajasthan/jaisalmer/news/jaisalmer-weather-update-october-heat-humidity-no-rain-forecast-139253939.html,2026-10-05T14:11:24+00:00
Bhopal,Bhaskar,Bhopal • Bhaskar,https://www.bhaskar.com/local/mp/bhopal/,78,हिमाचल में 4 दिन बारिश-तूफान की चेतावनी,https://www.bhaskar.com/local/himachal/shimla/news/himachal-pradesh-weather-forecast-rain-snowfall-alert-imd-update-139251931.html,2026-10-05T14:11:24+00:00
Bhopal,Bhaskar,Bhopal • Bhaskar,https://www.bhaskar.com/local/mp/bhopal/,79,"शराब और नशे के साथ आरोपी गिरफ्तार, एक भागा",https://www.bhaskar.com/local/rajasthan/alwar/news/tehla-raini-malakheda-police-action-doda-post-liquor-seizure-139253327.html,2026-10-05T14:11:24+00:00
Bhopal,Bhaskar,Bhopal • Bhaskar,https://www.bhaskar.com/local/mp/bhopal/,80,"चित्तौड़गढ़ में कम नहीं हुई गर्मी, पारा 38.2 डिग्री",https://www.bhaskar.com/local/rajasthan/chittorgarh/news/chittorgarh-weather-update-heat-humidity-rise-october-heatwave-139253007.html,2026-10-05T14:11:24+00:00
Bhopal,Bhaskar,Bhopal • Bhaskar,https://www.bhaskar.com/local/mp/bhopal/,81,सीकर में 2 दिन मौसम ड्राई रहेगा,https://www.bhaskar.com/local/rajasthan/sikar/news/sikar-weather-update-temperature-fluctuation-dry-forecast-139252924.html,2026-10-05T14:11:24+00:00
Bhopal,Bhaskar,Bhopal • Bhaskar,https://www.bhaskar.com/local/mp/bhopal/,82,"जोधपुर में इस सप्ताह रहेगा गर्मी का असर,रात में ठंडक",https://www.bhaskar.com/local/rajasthan/jodhpur/news/jodhpur-weather-update-october-temperature-cold-night-forecast-139252834.html,2026-10-05T14:11:24+00:00
Bhopal,Bhaskar,Bhopal • Bhaskar,https://www.bhaskar.com/local/mp/bhopal/,83,"उदयपुर में तापमान गिरा, सुबह-शाम हल्की ठंड का अहसास",https://www.bhaskar.com/local/rajasthan/udaipur/news/udaipur-weather-update-temperature-drop-morning-evening-chill-139252801.html,2026-10-05T14:11:24+00:00
Bhopal,Bhaskar,Bhopal • Bhaskar,https://www.bhaskar.com/local/mp/bhopal/,84,कोटा में एक सप्ताह तक तेज धूप निकलने की संभावना,https://www.bhaskar.com/local/rajasthan/kota/news/kota-weather-update-temperature-rise-heat-humidity-dry-spell-139252662.html,2026-10-05T14:11:24+00:00
Bhopal,Bhaskar,Bhopal • Bhaskar,https://www.bhaskar.com/local/mp/bhopal/,85,"प्रयागराज में दिन में तेज धूप, रात में ठंडक",https://www.bhaskar.com/local/uttar-pradesh/prayagraj/news/prayagraj-weather-update-day-night-temperature-fluctuation-winter-139252195.html,2026-10-05T14:11:24+00:00
Bhopal,Bhaskar,Bhopal • Bhaskar,https://www.bhaskar.com/local/mp/bhopal/,86,लखनऊ में 18 साल बाद आई बाढ़ का ड्रोन VIDEO,https://www.bhaskar.com/local/uttar-pradesh/news/lucknow-gomti-river-flood-drone-video-house-water-logging-update-139251622.html,2026-10-05T14:11:24+00:00
Bhopal,Bhaskar,Bhopal • Bhaskar,https://www.bhaskar.com/local/mp/bhopal/,87,"तेज धूप करेगी बेहाल, बारिश के आसार नहीं",https://www.bhaskar.com/local/uttar-pradesh/kanpur/news/kanpur-weather-update-heat-wave-temperature-rise-october-2026-139246162.html,2026-10-05T14:11:24+00:00
Bhopal,Bhaskar,Bhopal • Bhaskar,https://www.bhaskar.com/local/mp/bhopal/,88,अलवर में पारा 38 डिग्री तक पहुंचने का अनुमान,https://www.bhaskar.com/local/rajasthan/alwar/news/alwar-weather-update-temperature-drop-forecast-october-139252405.html,2026-10-05T14:11:24+00:00
Pune,Pune Mirror,Pune • Pune Mirror,https://punemirror.com/,1,Kothrud Traffic Change: Mahadev Mandir Chowk Route Closed Towards Riverbed In Evening,https://punemirror.com/news/kothrud-mahadev-mandir-chowk-traffic-restriction-evening/,2026-10-05T14:11:24+00:00
Pune,Pune Mirror,Pune • Pune Mirror,https://punemirror.com/,2,Gurugram Homebuyer Who Waited Over a Decade for His Flat Wins Refund with 12% Interest,https://punemirror.com/india/gurugram-homebuyer-who-waited-over-a-decade-for-his-flat-wins-refund-with-12-interest/,2026-10-05T14:11:24+00:00
Pune,Pune Mirror,Pune • Pune Mirror,https://punemirror.com/,3,"Gold Prices Slide Ahead Of Festive Season; Silver Falls ₹5,000 Per Kg",https://punemirror.com/city/pune/gold-silver-price-fall-dussehra-diwali-festive-season/,2026-10-05T14:11:24+00:00
Pune,Pune Mirror,Pune • Pune Mirror,https://punemirror.com/,4,"20-Year-Old Held With 7 Grams Of MD In Mulshi, Juvenile Detained",https://punemirror.com/city/pune/mulshi-drug-bust-20-year-old-held-7-grams-md/,2026-10-05T14:11:24+00:00
Pune,Pune Mirror,Pune • Pune Mirror,https://punemirror.com/,5,Pune MPSC Protest Splits As Rohit Pawar Sets 48-Hour Deadline For Government,https://punemirror.com/city/pune/pune-mpsc-protest-split-rohit-pawar-48-hour-deadline/,2026-10-05T14:11:24+00:00
Pune,Pune Mirror,Pune • Pune Mirror,https://punemirror.com/,6,Maharashtra FDA chief Tukaram Mundhe Featured in The New York Times Front Page,https://punemirror.com/news/maharashtra-fda-chief-tukaram-mundhe-featured-in-the-new-york-times-front-page/,2026-10-05T14:11:24+00:00
Pune,Pune Mirror,Pune • Pune Mirror,https://punemirror.com/,7,Maharashtra Braces For Early October Heat As Monsoon Withdrawal Weakens,https://punemirror.com/city/pune/maharashtra-october-heat-temperatures-rise-monsoon-retreats/,2026-10-05T14:11:24+00:00
Pune,Pune Mirror,Pune • Pune Mirror,https://punemirror.com/,8,"Piyush Mishra Questions Naseeruddin Shah Over CJP Protest, Smit Machchhar Silence",https://punemirror.com/entertainment/piyush-mishra-naseeruddin-shah-cjp-protest-smit-machchhar/,2026-10-05T14:11:24+00:00
Pune,Pune Mirror,Pune • Pune Mirror,https://punemirror.com/,9,Murlidhar Mohol Questions Resumption Of Pune MPSC Protest After CM Meeting,https://punemirror.com/city/pune/murlidhar-mohol-pune-mpsc-protest-cm-fadnavis-meeting/,2026-10-05T14:11:24+00:00
Pune,Pune Mirror,Pune • Pune Mirror,https://punemirror.com/,10,Woman Alleges Rs 21.37 Lakh Investment Fraud in Pimpri Chinchwad,https://punemirror.com/news/woman-alleges-rs-21-37-lakh-investment-fraud-in-pimpri-chinchwad/,2026-10-05T14:11:24+00:00
Pune,Pune Mirror,Pune • Pune Mirror,https://punemirror.com/,11,50 Maharashtra Security Force Personnel Deployed To Ease Chakan Traffic,https://punemirror.com/city/pune/chakan-traffic-50-msf-personnel-deployed-key-junctions/,2026-10-05T14:11:24+00:00
Pune,Pune Mirror,Pune • Pune Mirror,https://punemirror.com/,12,"MSRTC Makes Four-Day, Seven-Day Travel Passes Available Online",https://punemirror.com/city/pune/msrtc-four-seven-day-travel-passes-online-booking/,2026-10-05T14:11:24+00:00
Pune,Pune Mirror,Pune • Pune Mirror,https://punemirror.com/,13,"Pimpri Chinchwad Man Booked for Stalking, Assaulting Woman and Smashing Her Phone After She Refused Marriage",https://punemirror.com/news/pimpri-chinchwad-man-booked-for-stalking-assaulting-woman-and-smashing-her-phone-after-she-refused-marriage/,2026-10-05T14:11:24+00:00
Pune,Pune Mirror,Pune • Pune Mirror,https://punemirror.com/,14,Pune Cantonment Board Runs on Half Its Workforce as Retirements Go Unfilled,https://punemirror.com/news/pune-cantonment-board-runs-on-half-its-workforce-as-retirements-go-unfilled/,2026-10-05T14:11:24+00:00
Pune,Pune Mirror,Pune • Pune Mirror,https://punemirror.com/,15,No More Unilateral Redevelopment Deals: State Tightens Rules for Housing Societies,https://punemirror.com/news/no-more-unilateral-redevelopment-deals-state-tightens-rules-for-housing-societies/,2026-10-05T14:11:24+00:00
Pune,Pune Mirror,Pune • Pune Mirror,https://punemirror.com/,16,The Art of Living Well: Wellness Heroes Season 2 Celebrates a Healthier Idea of Health,https://punemirror.com/news/the-art-of-living-well-wellness-heroes-season-2-celebrates-a-healthier-idea-of-health/,2026-10-05T14:11:24+00:00
Pune,Pune Mirror,Pune • Pune Mirror,https://punemirror.com/,17,Man Arrested for Killing Friend with Cement Block in Pune’s Bhavani Peth,https://punemirror.com/news/man-arrested-for-killing-friend-with-cement-block-in-punes-bhavani-peth/,2026-10-05T14:11:24+00:00
Pune,Pune Mirror,Pune • Pune Mirror,https://punemirror.com/,18,Maharashtra Orders All Districts to Strengthen Mental Health Services After Shortage of Psychiatric Beds,https://punemirror.com/news/maharashtra-orders-all-districts-to-strengthen-mental-health-services-after-shortage-of-psychiatric-beds/,2026-10-05T14:11:24+00:00
Pune,Pune Mirror,Pune • Pune Mirror,https://punemirror.com/,19,Pune Metro May Run Trains Every 4 Minutes as Daily Ridership Crosses 3.1 Lakh,https://punemirror.com/news/pune-metro-may-run-trains-every-4-minutes-as-daily-ridership-crosses-3-1-lakh/,2026-10-05T14:11:24+00:00
Pune,Pune Mirror,Pune • Pune Mirror,https://punemirror.com/,20,PMC Plans Seven New Gas Crematoriums to Ease Load on Vaikunth Crematorium,https://punemirror.com/news/pmc-plans-seven-new-gas-crematoriums-to-ease-load-on-vaikunth-crematorium/,2026-10-05T14:11:24+00:00
Pune,Pune Mirror,Pune • Pune Mirror,https://punemirror.com/,21,Pune Yerawada Man Allegedly Robbed After Meeting Dating App Contact,https://punemirror.com/city/pune/pune-yerawada-dating-app-meet-assault-20000-theft/,2026-10-05T14:11:24+00:00
Pune,Pune Mirror,Pune • Pune Mirror,https://punemirror.com/,22,"Narayanagaon Woman Alleges Dowry Harassment, Four In-Laws Named In Case",https://punemirror.com/city/pune/narayanagaon-woman-harassment-money-four-in-laws-case/,2026-10-05T14:11:24+00:00
Pune,Pune Mirror,Pune • Pune Mirror,https://punemirror.com/,23,India Retain Asian Games Cricket Gold After Beating Pakistan By 19 Runs,https://punemirror.com/sports/india-retain-asian-games-cricket-gold-after-beating-pakistan-by-19-runs/,2026-10-05T14:11:24+00:00
Pune,Pune Mirror,Pune • Pune Mirror,https://punemirror.com/,24,"22-Year-Old BSc Student Missing From Haveli Village, Family Receives Email",https://punemirror.com/city/pune/22-year-old-bsc-student-missing-from-haveli-village-family-receives-email/,2026-10-05T14:11:24+00:00
Pune,Pune Mirror,Pune • Pune Mirror,https://punemirror.com/,25,"One killed, Two Injured in Mulshi Taluka",https://punemirror.com/news/one-killed-two-injured-in-mulshi-taluka/,2026-10-05T14:11:24+00:00
Pune,Pune Mirror,Pune • Pune Mirror,https://punemirror.com/,26,"Pashan Traffic Gridlock Spurs Push For Junction Expansion, Alternate Roads",https://punemirror.com/city/pune/pashan-chowk-traffic-jam-junction-expansion-alternate-roads/,2026-10-05T14:11:24+00:00
Pune,Pune Mirror,Pune • Pune Mirror,https://punemirror.com/,27,Rahul Gandhi Likely To Visit Pune Amid Ongoing MPSC Student Protest,https://punemirror.com/city/pune/rahul-gandhi-pune-visit-mpsc-student-protest-october/,2026-10-05T14:11:24+00:00
Pune,Pune Mirror,Pune • Pune Mirror,https://punemirror.com/,28,"Senior PMC Officials Abroad, Questions Rise Over Civic Administration In Pune",https://punemirror.com/city/pune/pune-pmc-senior-officials-abroad-civic-administration/,2026-10-05T14:11:24+00:00
Pune,Pune Mirror,Pune • Pune Mirror,https://punemirror.com/,29,"Pune, Pimpri-Chinchwad May Face Water Cuts As Maharashtra Plans Drought Management",https://punemirror.com/city/pune-pimpri-chinchwad-water-cut-drought-management/,2026-10-05T14:11:24+00:00
Pune,Pune Mirror,Pune • Pune Mirror,https://punemirror.com/,30,Afghan MBA Student Detained in Bavdhan for Staying on After Residential Permit Expired,https://punemirror.com/news/afghan-mba-student-detained-in-bavdhan-for-staying-on-after-residential-permit-expired/,2026-10-05T14:11:24+00:00
Pune,Pune Mirror,Pune • Pune Mirror,https://punemirror.com/,31,"PCMC Plans 22 New Fire Vehicles, Including 70m and 90m Ladders, for High-Rise Rescues",https://punemirror.com/city/pcmc/pcmc-plans-22-new-fire-vehicles-including-70m-and-90m-ladders-for-high-rise-rescues/,2026-10-05T14:11:24+00:00
Pune,Pune Mirror,Pune • Pune Mirror,https://punemirror.com/,32,Pimpri-Chinchwad Police Constable Found Dead After Two-Day Search,https://punemirror.com/city/pimpri-chinchwad-police-vijay-koli-found-dead-nigdi/,2026-10-05T14:11:24+00:00
Pune,Pune Mirror,Pune • Pune Mirror,https://punemirror.com/,33,"Mulhange Residents Warn Of Escalation Over Traffic, Road Woes Near Hinjewadi IT Hub",https://punemirror.com/city/hinjewadi-mulhange-maan-traffic-road-issues-residents/,2026-10-05T14:11:24+00:00
Pune,Pune Mirror,Pune • Pune Mirror,https://punemirror.com/,34,"Pimpalwandi House Burgled During Day, Jewellery and Valuables Worth Rs 3.20 Lakh Stolen",https://punemirror.com/city/pimpalwandi-day-burglary-gold-silver-jewellery-stolen/,2026-10-05T14:11:24+00:00
Pune,Pune Mirror,Pune • Pune Mirror,https://punemirror.com/,35,Pimpri-Chinchwad Police Crack Down On Loud DJ Sets During Ganesh Visarjan,https://punemirror.com/city/pimpri-chinchwad-ganesh-visarjan-dj-noise-police-action/,2026-10-05T14:11:24+00:00
Pune,Pune Mirror,Pune • Pune Mirror,https://punemirror.com/,36,MPCB Proposes Rs 2.56 Crore Compensation Against Four Units for Polluting Pavana River,https://punemirror.com/news/mpcb-proposes-rs-2-56-crore-compensation-against-four-units-for-polluting-pavana-river/,2026-10-05T14:11:24+00:00
Pune,Pune Mirror,Pune • Pune Mirror,https://punemirror.com/,37,India Explores China’s Xinjiang Airspace As Alternative Route Amid Pakistan Ban,https://punemirror.com/india/india-china-xinjiang-hotan-airspace-alternate-route-pakistan-ban/,2026-10-05T14:11:24+00:00
Pune,Pune Mirror,Pune • Pune Mirror,https://punemirror.com/,38,"Central Railway to Intensify Ticket Checking Drive from October 1 to 31, 2026",https://punemirror.com/news/central-railway-to-intensify-ticket-checking-drive-from-october-1-to-31-2026/,2026-10-05T14:11:24+00:00
Pune,Pune Mirror,Pune • Pune Mirror,https://punemirror.com/,39,"UPI Payments Above ₹2,000 to Face Merchant Charges From October 15",https://punemirror.com/india/upi-mdr-rules-october-15-payments-above-2000/,2026-10-05T14:11:24+00:00
Pune,Pune Mirror,Pune • Pune Mirror,https://punemirror.com/,40,From Connectivity to Opportunity: Mizoram’s Bairabi–Sairang Railway Line Completes One Year,https://punemirror.com/india/from-connectivity-to-opportunity-mizorams-bairabi-sairang-railway-line-completes-one-year/,2026-10-05T14:11:24+00:00
Pune,Pune Mirror,Pune • Pune Mirror,https://punemirror.com/,41,Gujarat To Honour Flydubai Captain Smit Machchhar With State Award,https://punemirror.com/india/gujarat-honour-flydubai-pilot-smit-machchhar-state-award/,2026-10-05T14:11:24+00:00
Pune,Pune Mirror,Pune • Pune Mirror,https://punemirror.com/,42,‘No UPI Day’ on October 2: Trade Bodies Protest Proposed MDR on Merchant Transactions,https://punemirror.com/india/no-upi-day-on-october-2-trade-bodies-protest-proposed-mdr-on-merchant-transactions/,2026-10-05T14:11:24+00:00
Pune,Pune Mirror,Pune • Pune Mirror,https://punemirror.com/,43,SBI ATM Rules Change From October 1; RBI Brings New Bulk Deposit Norms,https://punemirror.com/india/sbi-atm-rules-october-1-free-transactions-rbi-bulk-deposit-rules/,2026-10-05T14:11:24+00:00
Pune,Pune Mirror,Pune • Pune Mirror,https://punemirror.com/,44,Commercial LPG Cylinder Price Hike From October 1 Hits Businesses,https://punemirror.com/india/commercial-lpg-cylinder-price-hike-mumbai-october-1/,2026-10-05T14:11:24+00:00
Pune,Pune Mirror,Pune • Pune Mirror,https://punemirror.com/,45,MahaRERA Steps in After Marvel Aquanas Builder Defaults on Flat Agreement,https://punemirror.com/news/maharera-steps-in-after-marvel-aquanas-builder-defaults-on-flat-agreement/,2026-10-05T14:11:24+00:00
Pune,Pune Mirror,Pune • Pune Mirror,https://punemirror.com/,46,Samarth Chintamani Properties Ordered to Hand Over 23 Pune Flats Within 60 Days,https://punemirror.com/city/pune/samarth-chintamani-properties-ordered-to-hand-over-23-pune-flats-within-60-days/,2026-10-05T14:11:24+00:00
Pune,Pune Mirror,Pune • Pune Mirror,https://punemirror.com/,47,Bombay HC Refuses to Shut Pune Society’s Clubhouse Challenge Against Macrotech,https://punemirror.com/news/bombay-hc-refuses-to-shut-pune-societys-clubhouse-challenge-against-macrotech/,2026-10-05T14:11:24+00:00
Pune,Pune Mirror,Pune • Pune Mirror,https://punemirror.com/,48,"Seventh Triangle Launches The Commerce Story, a Closed-Door Forum for India’s Ecommerce Leaders",https://punemirror.com/business/seventh-triangle-launches-the-commerce-story-a-closed-door-forum-for-indias-ecommerce-leaders/,2026-10-05T14:11:24+00:00
Pune,Pune Mirror,Pune • Pune Mirror,https://punemirror.com/,49,Shot in arm for UN,https://punemirror.com/world/brics-summit-2026-india-russia-china-unilateral-sanctions-un-role/,2026-10-05T14:11:24+00:00
Pune,Pune Mirror,Pune • Pune Mirror,https://punemirror.com/,50,"Building Enterprise AI Agents: Architecture, Governance, and Best Practices for UAE Organizations",https://punemirror.com/technology/ai/agentic-ai-uae-enterprises-governance-architecture/,2026-10-05T14:11:24+00:00
Pune,Pune Mirror,Pune • Pune Mirror,https://punemirror.com/,51,"60 Maharashtra Tourists Missing After Devastating Nepal Floods, Landslides",https://punemirror.com/city/pune/nepal-floods-60-maharashtra-tourists-missing/,2026-10-05T14:11:24+00:00
Pune,Pune Mirror,Pune • Pune Mirror,https://punemirror.com/,52,What’s the UN doing?,https://punemirror.com/world/trump-iran-sanctions-oil-prices-global-economy-strait-hormuz/,2026-10-05T14:11:24+00:00
Pune,Pune Mirror,Pune • Pune Mirror,https://punemirror.com/,53,"Indian Captain Sumit Machchhar Stabbed Mid-Flight, Fights Back to Save 174 on Flydubai Jet",https://punemirror.com/news/indian-captain-sumit-machchhar-stabbed-mid-flight-fights-back-to-save-174-on-flydubai-jet/,2026-10-05T14:11:24+00:00
Pune,Pune Mirror,Pune • Pune Mirror,https://punemirror.com/,54,Mahindra Thar OG Review: Features That Transform the Driving Experience,https://punemirror.com/automobile/mahindra-thar-og-review-features-that-transform-the-driving-experience/,2026-10-05T14:11:24+00:00
Pune,Pune Mirror,Pune • Pune Mirror,https://punemirror.com/,55,THE ADAS Show Returns to Pune on December 3 with Focus on Connected and Intelligent Mobility,https://punemirror.com/city/pune/the-adas-show-returns-to-pune-on-december-3-with-focus-on-connected-and-intelligent-mobility/,2026-10-05T14:11:24+00:00
Pune,Pune Mirror,Pune • Pune Mirror,https://punemirror.com/,56,"Bank Strike Called Off After IBA, Unions Agree to Form Panel on Five-Day Week",https://punemirror.com/news/bank-strike-called-off-after-iba-unions-agree-to-form-panel-on-five-day-week/,2026-10-05T14:11:24+00:00
Pune,Pune Mirror,Pune • Pune Mirror,https://punemirror.com/,57,"Over 40,000 Maharashtra Teachers from 13,355 Schools to Get Online Health Training from September 21",https://punemirror.com/news/over-40000-maharashtra-teachers-from-13355-schools-to-get-online-health-training-from-september-21/,2026-10-05T14:11:24+00:00
Pune,Pune Mirror,Pune • Pune Mirror,https://punemirror.com/,58,"As India Advances Towards ‘Insurance for All’, Star Health Takes Health Insurance Awareness to 50+ Towns Across Maharashtra",https://punemirror.com/health/as-india-advances-towards-insurance-for-all-star-health-takes-health-insurance-awareness-to-50-towns-across-maharashtra/,2026-10-05T14:11:24+00:00
Pune,Pune Mirror,Pune • Pune Mirror,https://punemirror.com/,59,The Health Insurance Mistake Families Make When Everything is Well,https://punemirror.com/health/the-health-insurance-mistake-families-make-when-everything-is-well/,2026-10-05T14:11:24+00:00
Pune,Pune Mirror,Pune • Pune Mirror,https://punemirror.com/,60,"Pune Dengue Cases Cross 1,200 Amid Monsoon Surge",https://punemirror.com/news/pune-dengue-cases-cross-1200-monsoon-rise/,2026-10-05T14:11:24+00:00
Pune,Pune Mirror,Pune • Pune Mirror,https://punemirror.com/,61,Lionel Messi announces Argentina retirement after two decades of international brilliance,https://punemirror.com/sports/lionel-messi-announces-argentina-retirement-after-two-decades/,2026-10-05T14:11:24+00:00
Pune,Pune Mirror,Pune • Pune Mirror,https://punemirror.com/,62,Football Fever Grips Pune Schools at the 4th Lexicon Youth Football Cup 2026,https://punemirror.com/city/pune/football-fever-grips-pune-schools-at-the-4th-lexicon-youth-football-cup-2026/,2026-10-05T14:11:24+00:00
Pune,Pune Mirror,Pune • Pune Mirror,https://punemirror.com/,63,"Ajinkya Rahane Retires from International Cricket, Brings Down Curtain on Distinguished India Career",https://punemirror.com/news/ajinkya-rahane-retires-from-international-cricket-after-13-year-india-career/,2026-10-05T14:11:24+00:00
Pune,Pune Mirror,Pune • Pune Mirror,https://punemirror.com/,64,Homies on Court Makes History with India’s First Hybrid Pickleball & Padel Tournament,https://punemirror.com/city/pune/homies-on-court-hosts-indias-first-hybrid-pickleball-and-padel-tournament-in-pune/,2026-10-05T14:11:24+00:00
Pune,Pune Mirror,Pune • Pune Mirror,https://punemirror.com/,65,"Friendship Bands to Insta Stories, How We Have Celebrated Friendship Day Through the Decades",https://punemirror.com/lifestyle/friendship-bands-to-inta-stories-how-we-have-celebrated-friendship-day-throughout-the-decades/,2026-10-05T14:11:24+00:00
Pune,Pune Mirror,Pune • Pune Mirror,https://punemirror.com/,66,"After the CJP Protest, India Wants Answers: ‘Who is Abhijeet Dipke?’, ‘Wikipedia’, ‘Age’, ‘Caste’ Top Searches",https://punemirror.com/viral/who-is-abhijeet-dipke-wikipedia-caste-and-biography-why-india-is-searching-after-cjp-protest/,2026-10-05T14:11:24+00:00
Pune,Pune Mirror,Pune • Pune Mirror,https://punemirror.com/,67,The Device on Deepinder Goyal’s Temple That Stole the Spotlight — and Why the Internet Is Split,https://punemirror.com/trending/deepinder-goyal-temple-device-podcast-viral/,2026-10-05T14:11:24+00:00
Pune,Pune Mirror,Pune • Pune Mirror,https://punemirror.com/,68,The Hyper-Speed Era: Why Everything Is a ‘Trend’ and Nothing Lasts,https://punemirror.com/trending/why-everything-is-a-trend-and-nothing-lasts/,2026-10-05T14:11:24+00:00
Pune,Pune Mirror,Pune • Pune Mirror,https://punemirror.com/,69,Amazon Black Friday OnePlus Deals 2025: Massive Savings on Flagship Phones,https://punemirror.com/technology/amazon-black-friday-oneplus-deals-2025/,2026-10-05T14:11:24+00:00
Pune,Pune Mirror,Pune • Pune Mirror,https://punemirror.com/,70,Nobel Prize 2025: Discovery of Regulatory T-Cells and FOXP3 Gene Wins Medicine Award,https://punemirror.com/news/nobel-prize-2025-discovery-of-regulatory-t-cells-and-foxp3-gene-wins-medicine-award/,2026-10-05T14:11:24+00:00
Pune,Pune Mirror,Pune • Pune Mirror,https://punemirror.com/,71,Pahalgam terrorist gunned down; Three killed in J-K encounter,https://punemirror.com/trending/pahalgam-terrorist-gunned-down-three-killed-in-j-k-encounter/,2026-10-05T14:11:24+00:00
Pune,Pune Mirror,Pune • Pune Mirror,https://punemirror.com/,72,Startup India Fund of Funds 2.0: Powerful Boost for Startups,https://punemirror.com/india/startup-india-fund-of-funds-2-0-boost/,2026-10-05T14:11:24+00:00
Pune,Pune Mirror,Pune • Pune Mirror,https://punemirror.com/,73,Sarvam AI Bulbul V3 delivers stunning win over global AI rivals,https://punemirror.com/technology/ai/sarvam-ai-bulbul-v3-outshines-rivals/,2026-10-05T14:11:24+00:00
Pune,Pune Mirror,Pune • Pune Mirror,https://punemirror.com/,74,The Startup Evolution: From Survival Mode to Sustainable Success,https://punemirror.com/business/startups/from-survival-mode-to-sustainable-success/,2026-10-05T14:11:24+00:00
Pune,Pune Mirror,Pune • Pune Mirror,https://punemirror.com/,75,Pigmentation: Why Does Skin Become Darker in Some Areas and What Can We Do About It?,https://punemirror.com/lifestyle/pigmentation-causes-dark-spots-care/,2026-10-05T14:11:24+00:00
Pune,Pune Mirror,Pune • Pune Mirror,https://punemirror.com/,76,How Many Skincare Steps Do You Really Need?,https://punemirror.com/lifestyle/how-many-skincare-steps-do-you-need/,2026-10-05T14:11:24+00:00
Pune,Pune Mirror,Pune • Pune Mirror,https://punemirror.com/,77,Evil Eye Anklet: The Protective Charm That Turns Your Feet Into a Fashion Statement,https://punemirror.com/lifestyle/evil-eye-anklet-the-protective-charm-that-turns-your-feet-into-a-fashion-statement/,2026-10-05T14:11:24+00:00
Pune,Pune Mirror,Pune • Pune Mirror,https://punemirror.com/,78,Why Is Everyone Talking About the Skin Barrier?,https://punemirror.com/lifestyle/skin-barrier-care-irritation-ceramides/,2026-10-05T14:11:24+00:00
Pune,Pune Mirror,Pune • Pune Mirror,https://punemirror.com/,79,Why Has Skincare Become So Confusing?,https://punemirror.com/lifestyle/why-skincare-is-confusing-how-to-choose-products/,2026-10-05T14:11:24+00:00
Pune,Pune Mirror,Pune • Pune Mirror,https://punemirror.com/,80,Inside India’s Coaching Boom: How Members Are Scaling Their Business at ILH,https://punemirror.com/news/inside-indias-coaching-boom-how-members-are-scaling-their-business-at-ilh/,2026-10-05T14:11:24+00:00
Pune,Pune Mirror,Pune • Pune Mirror,https://punemirror.com/,81,India GST collections June 2026: Powerful surge lifts revenues,https://punemirror.com/business/india-gst-collections-june-2026-surge/,2026-10-05T14:11:24+00:00
Pune,Pune Mirror,Pune • Pune Mirror,https://punemirror.com/,82,EPFO 3.0 PF withdrawal delivers powerful relief for workers,https://punemirror.com/business/epfo-3-0-pf-withdrawal-upi-atm-benefits/,2026-10-05T14:11:24+00:00
Pune,Pune Mirror,Pune • Pune Mirror,https://punemirror.com/,83,EPFO services unavailable: urgent warning as major system upgrade pauses key PF facilities,https://punemirror.com/business/finance/epfo-services-unavailable-june-26-29-upgrade/,2026-10-05T14:11:24+00:00
Pune,Pune Mirror,Pune • Pune Mirror,https://punemirror.com/,84,PhonePe inactive wallet fee draws backlash over Rs 100 charge,https://punemirror.com/business/phonepe-inactive-wallet-fee-rs100-quarterly/,2026-10-05T14:11:24+00:00
Pune,Pune Mirror,Pune • Pune Mirror,https://punemirror.com/,85,Pune Businessman Allegedly Duped Of ₹1.85 Crore In Software Firm Investment Fraud,https://punemirror.com/city/pune/pune-software-firm-fraud-businessman-1-85-crore-investment/,2026-10-05T14:11:24+00:00
Pune,Pune Mirror,Pune • Pune Mirror,https://punemirror.com/,86,"Four-Year-Old Girl Allegedly Assaulted In Lohgaon, 20-Year-Old Held",https://punemirror.com/city/pune/lohgaon-four-year-old-girl-alleged-assault-20-year-old-held/,2026-10-05T14:11:24+00:00
Pune,Pune Mirror,Pune • Pune Mirror,https://punemirror.com/,87,"Pune Burglars Target Homes In Undri, Lohegaon And Loni Kalbhor",https://punemirror.com/city/pune/pune-burglars-target-homes-in-undri-lohegaon-and-loni-kalbhor/,2026-10-05T14:11:24+00:00
Pune,Pune Mirror,Pune • Pune Mirror,https://punemirror.com/,88,"Kalepadal Police Arrest Six, Seize 1.04 Kg Ganja Worth Rs 9.27 Lakh",https://punemirror.com/city/pune/pune-kalepadal-police-six-arrested-ganja-seized/,2026-10-05T14:11:24+00:00
Pune,Pune Mirror,Pune • Pune Mirror,https://punemirror.com/,89,Rs 30 Lakh Gold Stolen From Locked Flat Amid Ganesh Visarjan Rush,https://punemirror.com/city/pune/pune-saturday-peth-burglary-rs-30-lakh-gold-stolen/,2026-10-05T14:11:24+00:00
Pune,Pune Mirror,Pune • Pune Mirror,https://punemirror.com/,90,Samsung Galaxy Watch 9 Review,https://punemirror.com/technology/samsung-galaxy-watch-9-review/,2026-10-05T14:11:24+00:00
Pune,Pune Mirror,Pune • Pune Mirror,https://punemirror.com/,91,"Samsung Launches Galaxy Tab S12 Ultra and S12+ in India, Starting at Rs 1.29 Lakh",https://punemirror.com/news/samsung-launches-galaxy-tab-s12-ultra-and-s12-in-india-starting-at-rs-1-29-lakh/,2026-10-05T14:11:24+00:00
Pune,Pune Mirror,Pune • Pune Mirror,https://punemirror.com/,92,"Fungus Hits Purandar Custard Apple: Farmers Get Just Rs 200 to Rs 1,500 per 20-kg Crate",https://punemirror.com/news/fungus-hits-purandar-custard-apple-farmers-get-just-rs-200-to-rs-1500-per-20-kg-crate/,2026-10-05T14:11:24+00:00
Pune,Pune Mirror,Pune • Pune Mirror,https://punemirror.com/,93,"MH-61 B, C Series Exhausted in 23 Days as Pune Two-wheeler Registrations Surge",https://punemirror.com/news/mh-61-b-c-series-exhausted-in-23-days-as-pune-two-wheeler-registrations-surge/,2026-10-05T14:11:24+00:00
Pune,Pune Mirror,Pune • Pune Mirror,https://punemirror.com/,94,"One Illegal Parking, One Massive Traffic Jam on Nagar Road",https://punemirror.com/news/one-illegal-parking-one-massive-traffic-jam-on-nagar-road/,2026-10-05T14:11:24+00:00
Pune,Pune Mirror,Pune • Pune Mirror,https://punemirror.com/,95,"1,801 Chats, Deleted Messages And Lohagad Photos Raise New Questions",https://punemirror.com/city/pune/ketan-agarwal-death-probe-1801-chats-deleted-messages-lohagad-ketan-agarwal/,2026-10-05T14:11:24+00:00
Pune,Pune Mirror,Pune • Pune Mirror,https://punemirror.com/,96,Cockroach Allegedly Found in Vada at Shree Swami Smarth Food on Dhole Patil Road in Pune; Owner’s Response Draws Criticism,https://punemirror.com/news/cockroach-allegedly-found-in-vada-at-shree-swami-smarth-food-on-dhole-patil-road-in-pune-owners-response-draws-criticism/,2026-10-05T14:11:24+00:00
Pune,Pune Mirror,Pune • Pune Mirror,https://punemirror.com/,97,"IndiGo Pune-Hyderabad Flight Hit by Bird, Minor Damage to Aircraft Nose",https://punemirror.com/news/indigo-pune-hyderabad-flight-hit-by-bird-minor-damage-to-aircraft-nose/,2026-10-05T14:11:24+00:00
Pune,Pune Mirror,Pune • Pune Mirror,https://punemirror.com/,98,MPSC Protest Draws Opposition Leaders to Pune as Students Vow to Continue Agitation,https://punemirror.com/news/mpsc-protest-draws-opposition-leaders-to-pune-as-students-vow-to-continue-agitation/,2026-10-05T14:11:24+00:00
Pune,Pune Mirror,Pune • Pune Mirror,https://punemirror.com/,99,"Drought Hits Shirur Villages, Standing Crops Burning; Walse Patil Orders Immediate Panchnamas",https://punemirror.com/news/drought-hits-shirur-villages-standing-crops-burning-walse-patil-orders-immediate-panchnamas/,2026-10-05T14:11:24+00:00
Pune,Pune Mirror,Pune • Pune Mirror,https://punemirror.com/,100,"Educated Youths Allegedly Turn Mule-Account Brokers in Pune, Fuel ₹1.80-Crore Cyber Fraud Trail",https://punemirror.com/news/educated-youths-allegedly-turn-mule-account-brokers-in-pune-fuel-%e2%82%b91-80-crore-cyber-fraud-trail/,2026-10-05T14:11:24+00:00
Pune,Pune Mirror,Pune • Pune Mirror,https://punemirror.com/,101,Pune Pregnant Woman Suffers Miscarriage After Alleged Assault by Brother-Sister Duo Over Road Dispute,https://punemirror.com/news/pune-pregnant-woman-suffers-miscarriage-after-alleged-assault-by-brother-sister-duo-over-road-dispute/,2026-10-05T14:11:24+00:00
Pune,Pune Mirror,Pune • Pune Mirror,https://punemirror.com/,102,Flower Prices Crash in Pune After Ganeshotsav; Farmers Pin Hopes on Navratri,https://punemirror.com/news/flower-prices-crash-in-pune-after-ganeshotsav-farmers-pin-hopes-on-navratri/,2026-10-05T14:11:24+00:00
Pune,Pune Mirror,Pune • Pune Mirror,https://punemirror.com/,103,"Insect, Plastic Allegedly Found in Pune University Girls Hostel Food; Students Demand Action",https://punemirror.com/news/insect-plastic-allegedly-found-in-pune-university-girls-hostel-food-students-demand-action/,2026-10-05T14:11:24+00:00
Pune,Pune Mirror,Pune • Pune Mirror,https://punemirror.com/,104,Loni Kalbhor Man Arrested After Minor Daughter Reports Alleged Sexual Abuse,https://punemirror.com/city/pune/loni-kalbhor-man-arrested-pocso-case-minor-daughter/,2026-10-05T14:11:24+00:00
Pune,Pune Mirror,Pune • Pune Mirror,https://punemirror.com/,105,Big Kay SMG: From Musical Passion to a Growing Name in the Industry,https://punemirror.com/entertainment/music/big-kay-smg-from-musical-passion-to-a-growing-name-in-the-industry/,2026-10-05T14:11:24+00:00
Pune,Pune Mirror,Pune • Pune Mirror,https://punemirror.com/,106,Stree 3 Confirmed For 2028 As Dinesh Vijan Reveals Next Chapter,https://punemirror.com/entertainment/stree-3-release-2028-dinesh-vijan-amar-kaushik/,2026-10-05T14:11:24+00:00
Pune,Pune Mirror,Pune • Pune Mirror,https://punemirror.com/,107,Karan Johar To End Koffee With Karan With Season 9 On JioHotstar,https://punemirror.com/entertainment/koffee-with-karan-season-9-final-season-october-14/,2026-10-05T14:11:24+00:00
Pune,Pune Mirror,Pune • Pune Mirror,https://punemirror.com/,108,Drishyam’s Pav Bhaji Connection Gets A Real-World Twist As PVR INOX Offers Free Plate With Four Tickets,https://punemirror.com/news/drishyam-the-conclusion-pvr-inox-free-pav-bhaji-offer/,2026-10-05T14:11:24+00:00
Pune,Pune Mirror,Pune • Pune Mirror,https://punemirror.com/,109,‘It’s A Responsibility’: Ranbir Kapoor Opens Up About Playing Lord Ram In Ramayana,https://punemirror.com/entertainment/ranbir-kapoor-lord-ram-ramayana-responsibility-arun-govil/,2026-10-05T14:11:24+00:00
Pune,Pune Mirror,Pune • Pune Mirror,https://punemirror.com/,110,Nitesh Tiwari’s Ramayana Reportedly Gets Different Edits for India and Overseas,https://punemirror.com/entertainment/nitesh-tiwari-ramayana-india-international-cuts/,2026-10-05T14:11:24+00:00
Pune,Pune Mirror,Pune • Pune Mirror,https://punemirror.com/,111,"Venice Was Just the Beginning! After Winning 10 International Awards,Vedd Rawtaani’s The Stolen Future Storms HorrorFest",https://punemirror.com/entertainment/movie/venice-was-just-the-beginning-after-winning-10-international-awardsvedd-rawtaanis-the-stolen-future-storms-horrorfest/,2026-10-05T14:11:24+00:00
Pune,Pune Mirror,Pune • Pune Mirror,https://punemirror.com/,112,Who Is Yung DSA? Pune Rapper Harsh Vijay Machare Enters Bigg Boss 20,https://punemirror.com/city/pune/who-is-yung-dsa-pune-rapper-bigg-boss-20/,2026-10-05T14:11:24+00:00
Pune,Sakal,Pune • Sakal,https://www.esakal.com/pune,1,सकाळ लाईव्ह TV,https://www.esakal.com/live-tv,2026-10-05T14:11:24+00:00
Pune,Sakal,Pune • Sakal,https://www.esakal.com/pune,2,Refund and Cancellation,https://www.esakal.com/refund-and-cancellation,2026-10-05T14:11:24+00:00
Pune,Lokmat,Pune • Lokmat,https://www.lokmat.com/city/,1,Live News in Marathi,https://www.lokmat.com/live-news/,2026-10-05T14:11:24+00:00
Pune,Lokmat,Pune • Lokmat,https://www.lokmat.com/city/,2,"‘दादांचे नाव घेऊन राजकीय फायदा घेऊ नका’, उपमुख्यमंत्री सुनेत्रा पवार यांचा विरोधकांवर निशाणा",https://www.lokmat.com/pune/dont-take-political-advantage-by-using-ajit-pawar-name-deputy-chief-minister-sunetra-pawar-targets-opponents-a-a727/,2026-10-05T14:11:24+00:00
Pune,Lokmat,Pune • Lokmat,https://www.lokmat.com/city/,3,Pune Metro: गर्दीच्या वेळेत मेट्रो दर ५ मिनिटांनी; प्रवाशांची संख्या आणखी वाढल्यास ही वारंवारता कमी करणार,https://www.lokmat.com/pune/metro-runs-every-5-minutes-during-rush-hour-frequency-will-be-reduced-if-passenger-numbers-increase-further-a-a727/,2026-10-05T14:11:24+00:00
Pune,Lokmat,Pune • Lokmat,https://www.lokmat.com/city/,4,"MPSC आयोगाला भिडणारा, आंदोलन गाजवणारा विवेकानंद पाटील कोण? कसा वाटला कोल्हापुरी ठसका...",https://www.lokmat.com/maharashtra/vivekanand-patil-mpsc-speech-who-is-vivekananda-patil-is-he-raising-the-mpsc-movement-how-did-you-feel-about-the-kolhapuri-thrashing-a-a607/,2026-10-05T14:11:24+00:00
Pune,Lokmat,Pune • Lokmat,https://www.lokmat.com/city/,5,"मद्यप्राशन केल्यानंतर दोघांमध्ये वाद! डोक्यात दगड घालून तरुणाचा खून, गोकुळनगर येथील घटना",https://www.lokmat.com/pune/argument-between-two-after-drinking-alcohol-youth-murdered-by-throwing-stone-at-head-incident-in-gokulnagar-a-a727/,2026-10-05T14:11:24+00:00
Pune,Lokmat,Pune • Lokmat,https://www.lokmat.com/city/,6,"मोठी बातमी! राज ठाकरे पुण्याकडे यायला निघाले; MPSC आंदोलनाचा वणवा पेटला, विद्यार्थ्यांची घेणार भेट",https://www.lokmat.com/maharashtra/raj-thackeray-mpsc-pune-protest-big-news-raj-thackeray-leaves-for-pune-mpsc-agitation-flares-up-will-meet-students-a-a607/,2026-10-05T14:11:24+00:00
Pune,Lokmat,Pune • Lokmat,https://www.lokmat.com/city/,7,"""विद्यार्थ्यांच्या भवितव्यावर स्वतःची राजकीय पोळी भाजण्याचा प्रयत्न""; राज ठाकरेंच्या MPSC विद्यार्थ्यांच्या भेटीवर भाजप आमदार अतुल भातखळकरांचा हल्लाबोल",https://www.lokmat.com/mumbai/attempt-to-burn-ones-own-political-stake-on-the-future-of-students-bjp-mla-atul-bhatkhalkar-attacks-raj-thackerays-visit-to-mpsc-students-a-a941/,2026-10-05T14:11:24+00:00
Pune,Lokmat,Pune • Lokmat,https://www.lokmat.com/city/,8,"भाजपाची मोठी तयारी; प्रत्येक मतदारसंघात होणार १० पथनाट्ये, मोदींनी घेतलेले निर्णय लोकांपर्यंत पोहोचवणार",https://www.lokmat.com/mumbai/bjps-big-preparations-10-street-plays-will-be-held-in-each-constituency-modis-decisions-will-be-conveyed-to-the-people-a-a941/,2026-10-05T14:11:24+00:00
Pune,Lokmat,Pune • Lokmat,https://www.lokmat.com/city/,9,"मुंबईत गार्डनमध्ये संतापजनक प्रकार! ड्रगच्या ओव्हरडोसमुळे तरुणाचा मृत्यू, बाजुलाच मित्र करत होते नशा",https://www.lokmat.com/mumbai/suspicious-death-of-20-year-old-youth-due-to-drug-overdose-in-malad-serious-charges-against-friends-four-arrested-a-a1001/,2026-10-05T14:11:24+00:00
Pune,Lokmat,Pune • Lokmat,https://www.lokmat.com/city/,10,सिगारेट ओढणाऱ्या मित्रांपासून दूर राहा! ‘स्मोकर’जवळ थांबणेही धोक्याचे; ‘पॅसिव्ह स्मोकिंग’मुळे मृत्यू वाढले,https://www.lokmat.com/mumbai/stay-away-from-friends-who-smoke-cigarettes-staying-near-a-smoker-is-also-dangerous-deaths-increased-due-to-passive-smoking-a-a629/,2026-10-05T14:11:24+00:00
Pune,Lokmat,Pune • Lokmat,https://www.lokmat.com/city/,11,"Vidarbha Drought : दुष्काळ फक्त शेतात नाही, शेतकऱ्याच्या जगण्यात आहे!",https://www.lokmat.com/nagpur/vidarbha-drought-instead-of-hearing-about-the-same-problems-and-the-same-complaints-every-year-concrete-measures-should-be-taken-to-address-of-farmer-farming-a-a1015-c1020/,2026-10-05T14:11:24+00:00
Pune,Lokmat,Pune • Lokmat,https://www.lokmat.com/city/,12,"Chandrashekhar Bawankule : ""कोरोनापेक्षा राज्यातील दुष्काळाचे संकट मोठे, उत्सवांवरील खर्च टाळा""! बावनकुळेंनी कार्यकर्त्यांना काय सांगितलं?",https://www.lokmat.com/nagpur/chandrashekhar-bawankule-the-drought-crisis-in-the-state-is-bigger-than-corona-avoid-spending-on-festivals-what-did-bawankule-tell-the-workers-nagpur-a-a382-c1020/,2026-10-05T14:11:24+00:00
Pune,Lokmat,Pune • Lokmat,https://www.lokmat.com/city/,13,"Vidhan Parishad Election : पदवीधर निवडणुकीचे वेध,... यांनी भरले अर्ज...सोमवारी अर्ज भरताना राजकीय शक्तीप्रदर्शन",https://www.lokmat.com/nagpur/vidhan-parishad-election-graduate-election-outlook-nagpur-filed-applicationsshow-of-political-power-while-filing-applications-on-monday-a-a382-c1020/,2026-10-05T14:11:24+00:00
Pune,Lokmat,Pune • Lokmat,https://www.lokmat.com/city/,14,Nagpur Sub District Hospital : १२२ कोटींच्या उपजिल्हा रुग्णालयाला मंजुरी ! नागपुरात साकारणार अद्ययावत 'जी प्लस २',https://www.lokmat.com/nagpur/nagpur-sub-district-hospital-approval-for-rs-122-crore-sub-district-hospital-updated-g-plus-2-to-be-built-in-nagpur-a-a1020/,2026-10-05T14:11:24+00:00
Pune,Lokmat,Pune • Lokmat,https://www.lokmat.com/city/,15,"अवघ्या २० रुपयांच्या वादातून वृद्धाची हत्या; नागपूरमधील खळबळजनक घटना, आरोपीला अटक",https://www.lokmat.com/crime/nagpur-elderly-man-murdered-over-a-dispute-over-just-rs-20-sensational-incident-in-nagpur-accused-arrested-a-a1012/,2026-10-05T14:11:24+00:00
Pune,Lokmat,Pune • Lokmat,https://www.lokmat.com/city/,16,अभिमानास्पद! सलग १४ तास ३५ मिनिटं पोहत मराठमोळ्या दिव्या महाजनने पार केलं 'इंग्लिश चॅनल',https://www.lokmat.com/nashik/divya-mahajan-creates-history-by-becoming-the-youngest-ever-to-swim-across-the-english-channel-a-a597/,2026-10-05T14:11:24+00:00
Pune,Lokmat,Pune • Lokmat,https://www.lokmat.com/city/,17,"इन्स्टावरील ओळख पडली महागात; धर्मांतरासाठी दबाव, फोटो व्हायरलची धमकी देत मागितले ५ लाख",https://www.lokmat.com/nashik/recognition-on-instagram-cost-money-pressure-to-convert-demanding-rs-5-lakhs-by-threatening-to-make-photo-viral-in-nashik-a-a597/,2026-10-05T14:11:24+00:00
Pune,Lokmat,Pune • Lokmat,https://www.lokmat.com/city/,18,'गर्जना मोर्चा' बेकायदा; उद्धव आणि राज ठाकरेंना अटक करा! ॲड. गुणरत्न सदावर्ते यांची खळबळजनक मागणी,https://www.lokmat.com/maharashtra/gunaratna-sadavarte-on-garjana-morcha-garjana-morcha-is-illegal-arrest-uddhav-and-raj-thackeray-adv-gunaratna-sadavartes-sensational-demand-a-a607/,2026-10-05T14:11:24+00:00
Pune,Lokmat,Pune • Lokmat,https://www.lokmat.com/city/,19,"नाशिक टीसीएस प्रकरणातील आरोपी निदा खानला मोठा धक्का; पतीकडून घटस्फोटाची मागणी, कोर्टाचे वॉरंट जारी!",https://www.lokmat.com/nashik/nashik-tcs-case-accused-nida-khan-gets-a-big-blow-husband-demands-divorce-court-warrant-issued-a-a1013/,2026-10-05T14:11:24+00:00
Pune,Lokmat,Pune • Lokmat,https://www.lokmat.com/city/,20,वाढदिवशीच लेकीला बळजबरीने पळवण्याचा प्रयत्न; नाशिकमधील थरार अन् संशयिताला नागरिकांचा चोप!,https://www.lokmat.com/nashik/attempt-to-kidnap-five-year-old-girl-at-nashik-road-following-a-family-dispute-suspect-detained-a-a1001/,2026-10-05T14:11:24+00:00
Pune,Lokmat,Pune • Lokmat,https://www.lokmat.com/city/,21,Pune Teachers-Graduates Constituencies Election: 'शिक्षक' आणि 'पदवीधर' निवडणुकीत कोल्हापूरच राहणार ‘पॉवर सेंटर’,https://www.lokmat.com/maharashtra/kolhapur-to-remain-the-power-center-in-the-pune-teachers-and-graduates-constituency-elections-a-a746/,2026-10-05T14:11:24+00:00
Pune,Lokmat,Pune • Lokmat,https://www.lokmat.com/city/,22,"Kolhapur: लॉजिंगच्या आडाने अनैतिकतेचा विळखा: नियमांना केराची टोपली, पर्यटनाच्या नावावर काळा बाजार",https://www.lokmat.com/kolhapur/a-trade-of-immorality-thriving-under-the-guise-of-the-lodging-business-at-tourist-and-religious-sites-in-kolhapur-district-a-a746/,2026-10-05T14:11:24+00:00
Pune,Lokmat,Pune • Lokmat,https://www.lokmat.com/city/,23,"कोल्हापुरातील रंकाळ्यावरील कारंजाचा आवाज शंभर डेसिबलपार!, ध्वनिप्रदूषणाच्या नियमांच्या पालनाबाबत प्रश्न",https://www.lokmat.com/kolhapur/the-sound-of-the-fountain-at-rankala-in-kolhapur-is-over-a-hundred-decibels-questions-about-compliance-with-noise-pollution-rules-a-a746/,2026-10-05T14:11:24+00:00
Pune,Lokmat,Pune • Lokmat,https://www.lokmat.com/city/,24,"Kolhapur-Gokul Election: राष्ट्रवादीकडे जागा आठ; कोणाचा पत्ता कटणार, कोणाची लॉटरी लागणार?",https://www.lokmat.com/kolhapur/ncp-secures-eight-seats-in-gokul-election-who-will-hit-the-jackpot-a-a746/,2026-10-05T14:11:24+00:00
Pune,Lokmat,Pune • Lokmat,https://www.lokmat.com/city/,25,"धुक्यातून अचानक अवतरला वाघोबा; उदगिरीच्या रस्त्याकडेला दिसतोय वावर, पर्यटकांच्या कॅमेऱ्यात कैद",https://www.lokmat.com/sangli/tourists-spotted-a-tiger-at-udgiri-in-shahuwadi-taluka-in-the-vicinity-of-chandoli-national-park-a-a746/,2026-10-05T14:11:24+00:00
Pune,Lokmat,Pune • Lokmat,https://www.lokmat.com/city/,26,Sangli District Bank Election: जिल्हा बँकेच्या पटावर ‘अंजनी विरुद्ध चिंचणी’चा सामना!,https://www.lokmat.com/sangli/possibility-of-a-face-off-between-sanjaykaka-and-sumantai-patil-in-tasgaon-during-the-sangli-district-bank-election-a-a746/,2026-10-05T14:11:24+00:00
Pune,Lokmat,Pune • Lokmat,https://www.lokmat.com/city/,27,"जिल्हा-राज्य स्पर्धांमध्ये नशेच्या इंजेक्शनचा धोकादायक वापर, ‘परफॉर्मन्स’ वाढवण्यासाठी अनेक खेळाडू नशेच्या आहारी",https://www.lokmat.com/maharashtra/dangerous-use-of-drug-injections-in-district-state-competitions-many-players-addicted-to-drugs-to-enhance-performance-a-a997-c746/,2026-10-05T14:11:24+00:00
Pune,Lokmat,Pune • Lokmat,https://www.lokmat.com/city/,28,"कारागृहातील प्रेमीयुगुल विवाहबंधनात अडकणार, कर्नाटक उच्च न्यायालयाची संमती",https://www.lokmat.com/national/karnataka-high-court-approves-marriage-of-jailed-lovers-a-a746/,2026-10-05T14:11:24+00:00
Pune,Lokmat,Pune • Lokmat,https://www.lokmat.com/city/,29,सांगली जिल्ह्यातील पेट्रोलच्या विहिरीचं गुढ वाढलं..प्रशासन बुचकळ्यात पडलं,https://www.lokmat.com/sangli/the-mystery-of-the-petrol-well-in-sangli-district-has-deepened-the-administration-is-in-a-quandary-a-a746/,2026-10-05T14:11:24+00:00
Pune,Lokmat,Pune • Lokmat,https://www.lokmat.com/city/,30,सातारा जिल्ह्यात वृक्षलागवडीचे उद्दिष्ट निम्मेही पूर्ण नाही; जलसंधारणसह राष्ट्रीय महामार्गची पाटी पूर्ण कोरी,https://www.lokmat.com/satara/the-target-of-tree-plantation-in-satara-district-is-not-even-half-achieved-the-roadbed-of-the-national-highway-including-water-conservation-is-completely-empty-a-a947-c746/,2026-10-05T14:11:24+00:00
Pune,Lokmat,Pune • Lokmat,https://www.lokmat.com/city/,31,Satara: वयाच्या दहाव्या वर्षी 'ते' पाण्यात उतरले अन् ७० वर्षे मृतदेह बाहेर काढतच राहिले !; बाबासाहेब गोसावी यांचा संघर्षमय प्रवास.. वाचा सविस्तर,https://www.lokmat.com/satara/babasaheb-ananda-chavan-alias-baba-gosavi-from-satara-district-has-retrieved-over-a-hundred-bodies-to-date-a-task-he-has-been-performing-since-the-age-of-ten-spanning-a-period-of-70-years-a-a746/,2026-10-05T14:11:24+00:00
Pune,Lokmat,Pune • Lokmat,https://www.lokmat.com/city/,32,Satara News: भरधाव दुचाकीची दुचाकीला धडक; महिला पोलिसासह चौघे जखमी,https://www.lokmat.com/satara/four-people-including-a-policewoman-injured-in-a-collision-between-speeding-two-wheelers-in-karad-satara-a-a746/,2026-10-05T14:11:24+00:00
Pune,Lokmat,Pune • Lokmat,https://www.lokmat.com/city/,33,"Satara: ‘त्या’ बिबट्याला पकडण्यासाठी लावले पिंजरे, ड्रोनच्या साह्याने नजर; मृत चिमुकल्याच्या वडिलांना १० लाखांची मदत",https://www.lokmat.com/satara/cages-set-up-to-catch-leopard-in-satara-rs-10-lakh-assistance-to-the-father-of-the-dead-toddler-a-a746/,2026-10-05T14:11:24+00:00
Pune,Lokmat,Pune • Lokmat,https://www.lokmat.com/city/,34,"Satara: रहिमतपूरच्या महिला शेतकरी प्रमाणपत्रापासून वंचित, नियमात बदल करण्याची गरज",https://www.lokmat.com/satara/even-as-the-process-of-issuing-farmer-certificates-intended-to-grant-legal-recognition-within-the-agricultural-sector-is-underway-women-residing-in-the-municipal-council-or-municipal-corporation-areas-of-satara-are-being-left-out-a-a746/,2026-10-05T14:11:24+00:00
Pune,Lokmat,Pune • Lokmat,https://www.lokmat.com/city/,35,पीक पंचनाम्यावर आता शेतकऱ्यांची घेणार सही ! पिकांच्या पंचनाम्यात काय असतील नोंदी?,https://www.lokmat.com/akola/farmers-signatures-will-now-be-taken-on-the-crop-panchnama-what-will-be-the-entries-in-the-crop-panchnama-a-a1000/,2026-10-05T14:11:24+00:00
Pune,Lokmat,Pune • Lokmat,https://www.lokmat.com/city/,36,एका दिवसात २०१ ई-पुस्तकांच्या प्रकाशनाचा विश्वविक्रम; प्रत्येक पुस्तकाला स्वतंत्र 'आयएसबीएन',https://www.lokmat.com/akola/world-record-of-publishing-201-e-books-in-a-single-day-each-book-has-a-separate-isbn-a-a1000/,2026-10-05T14:11:24+00:00
Pune,Lokmat,Pune • Lokmat,https://www.lokmat.com/city/,37,"बँक कर्मचारी वैभव कोल्हेनेच लॉकर केले साफ, कोट्यवधीचे सोनं कसे चोरले? अकोल्यातील घटना",https://www.lokmat.com/akola/akola-crime-bank-employee-vaibhav-kolhe-cleaned-the-locker-how-did-he-steal-gold-worth-crores-incident-in-akola-a-a571/,2026-10-05T14:11:24+00:00
Pune,Lokmat,Pune • Lokmat,https://www.lokmat.com/city/,38,अकोल्यात मित्रच बनले काळाचे दूत! २२ वर्षीय मुन्ना जाधवची मित्रांनीच केली हत्या; तिघेही पोलिसांच्या ताब्यात,https://www.lokmat.com/akola/crime-news-friends-became-messengers-of-time-in-akola-22-year-old-munna-jadhav-was-murdered-by-his-friends-all-three-are-in-police-custody-a-a941/,2026-10-05T14:11:24+00:00
Pune,Lokmat,Pune • Lokmat,https://www.lokmat.com/city/,39,"धनुष्यबाण चिन्ह गोठवणार?, दोन्ही सेनेच्या भांडणाचा फायदा...; प्रकाश आंबेडकरांचा मोठा दावा",https://www.lokmat.com/maharashtra/will-the-bow-and-arrow-symbol-be-frozen-benefit-from-the-fight-between-the-two-shiv-sena-to-bjp-prakash-ambedkars-big-claim-a-a629/,2026-10-05T14:11:24+00:00
Pune,Lokmat,Pune • Lokmat,https://www.lokmat.com/city/,40,"ठाकरे गटाला मोठा धक्का! उपनेते शरद कोळीला अटक; तब्बल १ वर्षासाठी येरवडा कारागृहात रवानगी, नेमकं कारण काय?",https://www.lokmat.com/solapur/shiv-sena-thackeray-group-deputy-leader-sharad-koli-arrested-sent-to-yerwada-jail-for-1-year-what-is-the-real-reason-a-a941/,2026-10-05T14:11:24+00:00
Pune,Lokmat,Pune • Lokmat,https://www.lokmat.com/city/,41,"हद्द झाली...! दुष्काळ पाहणीला गेलेल्या पालकमंत्र्यांना दिसली हिरवीगार शेती; अधिकाऱ्यांची भंबेरी, थेट ठिकाण बदलण्याची नामुष्की!",https://www.lokmat.com/maharashtra/drought-inspection-jaykumar-gore-the-limit-has-been-reached-the-guardian-minister-who-went-to-inspect-the-drought-saw-green-fields-the-officials-were-embarrassed-they-had-to-change-the-place-immediately-a-a607/,2026-10-05T14:11:24+00:00
Pune,Lokmat,Pune • Lokmat,https://www.lokmat.com/city/,42,गाडी पार्किंगच्या वादात मध्यस्थी करण्यास गेलेल्या तरुणाचा चाकूने भोसकून खून,https://www.lokmat.com/solapur/a-young-man-who-went-to-mediate-in-a-parking-dispute-was-stabbed-to-death-a-a1001/,2026-10-05T14:11:24+00:00
Pune,Lokmat,Pune • Lokmat,https://www.lokmat.com/city/,43,"""हे गाव माझं, मी विकू देणार नाही""; जिल्हाधिकाऱ्यांच्या मध्यस्थीनंतर तुळशी गावातील 'गाव विक्री'चा फलक हटवला; पाण्याचा प्रश्न मार्गी लागणार",https://www.lokmat.com/solapur/this-village-is-mine-i-will-not-let-it-be-sold-after-the-intervention-of-the-district-collector-the-village-for-sale-board-in-tulshi-village-was-removed-the-water-issue-will-be-resolved-a-a941/,2026-10-05T14:11:24+00:00
Pune,Lokmat,Pune • Lokmat,https://www.lokmat.com/city/,44,अहिल्यानगर जिल्हा बँक निवडणूक : शक्तीप्रदर्शनानंतर प्रा. राम शिंदेंची निवडणुकीतून अनपेक्षित माघार,https://www.lokmat.com/ahilyanagar/ahilyanagar-district-bank-election-the-issue-of-the-third-child-became-a-problem-after-a-show-of-strength-prof-ram-shinde-unexpectedly-withdrew-from-the-election-a-a607/,2026-10-05T14:11:24+00:00
Pune,Lokmat,Pune • Lokmat,https://www.lokmat.com/city/,45,अहिल्यानगरमध्ये रत्नागिरी-ठाण्याची पुनरावृत्ती; आमदारांच्या उमेदवारीचा पत्ता कापणार?,https://www.lokmat.com/ahilyanagar/district-bank-election-ratnagiri-thana-repeat-in-ahilyanagar-will-the-mlas-candidature-address-be-cut-a-a571/,2026-10-05T14:11:24+00:00
Pune,Lokmat,Pune • Lokmat,https://www.lokmat.com/city/,46,"नवी बाईक घेऊन नातेवाइकांना भेटायला निघालेल्या तीन भावांचा अपघाती मृत्यू, अज्ञात वाहनाने दिली धडक",https://www.lokmat.com/ahilyanagar/three-brothers-killed-in-tragic-road-accident-on-nevasa-shrirampur-road-while-riding-new-motorcycle-a-a1001/,2026-10-05T14:11:24+00:00
Pune,Lokmat,Pune • Lokmat,https://www.lokmat.com/city/,47,अहिल्यानगरमध्ये खळबळ! मजुरीसाठी आलेल्या तरुण-तरुणीची शेतात गळफास घेऊन सामूहिक आत्महत्या,https://www.lokmat.com/ahilyanagar/ahilyanagar-couple-found-dead-in-shrigonda-farm-days-after-arriving-for-labor-work-a-a1001/,2026-10-05T14:11:24+00:00
Pune,Lokmat,Pune • Lokmat,https://www.lokmat.com/city/,48,"पूजा खेडकरच्या वडिलांकडे १३ कोटींची बेहिशेबी संपत्ती; कागदोपत्री घटस्फोट, संपत्तीत भागीदार...",https://www.lokmat.com/ahilyanagar/pooja-khedkars-father-has-unaccounted-wealth-of-rs-13-crore-a-a597/,2026-10-05T14:11:24+00:00
Pune,Lokmat,Pune • Lokmat,https://www.lokmat.com/city/,49,"भाजपाला मोठा धक्का; जळगावमधील नेत्यांचा पक्षाला रामराम, बीडमध्येही काँग्रेसची ताकद वाढली",https://www.lokmat.com/maharashtra/big-blow-to-bjp-leaders-in-jalgaon-left-the-party-congress-strength-increased-in-beed-a-a719/,2026-10-05T14:11:24+00:00
Pune,Lokmat,Pune • Lokmat,https://www.lokmat.com/city/,50,"जळगावातील भंगार बाजार जमीनदोस्त; महापालिकेची धाडसी कारवाई, न्यायालयाचे ‘जैसे थे’चे आदेश",https://www.lokmat.com/jalgaon/jalgaon-scrap-market-razed-to-the-ground-municipal-corporations-bold-action-a-a354-c719/,2026-10-05T14:11:24+00:00
Pune,Lokmat,Pune • Lokmat,https://www.lokmat.com/city/,51,"जळगावात भिलपुरा चौकातील दर्ग्यावर महापौर, जिल्हाधिकाऱ्यांच्या हस्ते मानाची चादर अर्पण",https://www.lokmat.com/jalgaon/mayor-district-collector-offer-chadar-of-honor-at-dargah-in-bhilpura-chowk-in-jalgaon-a-a354-c1013/,2026-10-05T14:11:24+00:00
Pune,Lokmat,Pune • Lokmat,https://www.lokmat.com/city/,52,"विसर्जन मिरवणूक पाहण्यासाठी गणेश भक्तांची उसळली गर्दी, आठ तासात एक किलोमीटर अंतरातून १२ मंडळ मार्गस्थ",https://www.lokmat.com/jalgaon/a-huge-crowd-of-ganesh-devotees-gathered-to-watch-the-immersion-procession-12-processions-covered-a-distance-of-one-kilometer-in-eight-hours-a-a571/,2026-10-05T14:11:24+00:00
Pune,Lokmat,Pune • Lokmat,https://www.lokmat.com/city/,53,"जळगावात मानाच्या गणपतीचे महापौरांच्या संकल्पनेनुसार विसर्जन, २३ वर्षांत प्रथमच महापौर व नगरसेवकांचा मिरवणुकीत सहभाग",https://www.lokmat.com/jalgaon/immersion-of-the-venerable-ganesha-idol-in-jalgaon-as-per-the-mayors-concept-for-the-first-time-in-23-years-the-mayor-and-corporators-participated-in-the-procession-a-a571/,2026-10-05T14:11:24+00:00
Pune,Lokmat,Pune • Lokmat,https://www.lokmat.com/city/,54,"गोव्यातून केंद्र सरकारला तब्बल १,१४३.८४ कोटींचा जीएसटी महसूल; जनजागृती मोहिमेला वेग",https://www.lokmat.com/goa/central-govt-gets-gst-revenue-of-1143-crore-from-goa-state-public-awareness-campaign-gains-momentum-a-a719/,2026-10-05T14:11:24+00:00
Pune,Lokmat,Pune • Lokmat,https://www.lokmat.com/city/,55,दसरा-दिवाळीत गोमंतकीय शेतकऱ्यांच्या झेंडू फुलांचा बाजारात सुगंध दरवळणार; १०० हेक्टरी लागवड,https://www.lokmat.com/goa/marigold-flowers-from-goa-farmers-will-be-fragrant-in-the-market-during-dussehra-diwali-2026-this-year-planted-on-100-hectares-a-a719/,2026-10-05T14:11:24+00:00
Pune,Lokmat,Pune • Lokmat,https://www.lokmat.com/city/,56,सुनावणीशिवाय नावे मतदारयादीतून का वगळली? मुंबई हायकोर्टाच्या गोवा खंडपीठाकडून ताशेरे,https://www.lokmat.com/goa/goa-sir-row-bombay-high-court-says-draft-voter-roll-cannot-be-basis-for-deleting-names-a-a1012/,2026-10-05T14:11:24+00:00
Pune,Lokmat,Pune • Lokmat,https://www.lokmat.com/city/,57,फुटिरांना काँग्रेसची दारे बंदच राहणार: गिरीश चोडणकर,https://www.lokmat.com/goa/congress-doors-will-remain-closed-to-dissidents-said-girish-chodankar-a-a719/,2026-10-05T14:11:24+00:00
Pune,Lokmat,Pune • Lokmat,https://www.lokmat.com/city/,58,"टंचाई नाही, वापर जपून करा; मंत्री सुभाष फळदेसाई यांचे आवाहन, साळावलीत पुरेसा पाणीसाठा",https://www.lokmat.com/goa/there-is-no-shortage-use-it-wisely-minister-subhash-phaldesai-appeal-a-a719/,2026-10-05T14:11:24+00:00
Pune,Lokmat,Pune • Lokmat,https://www.lokmat.com/city/,59,ठाकरे बंधूंची 'गर्जना',https://www.lokmat.com/topics/raj-thackeray/,2026-10-05T14:11:24+00:00
Pune,Lokmat,Pune • Lokmat,https://www.lokmat.com/city/,60,'कॉक्रोच' काय करणार?,https://www.lokmat.com/topics/cockroach-janata-party/,2026-10-05T14:11:24+00:00
Pune,Lokmat,Pune • Lokmat,https://www.lokmat.com/city/,61,...अन् 'स्मित'हास्य फुलले,https://www.lokmat.com/topics/airplane/,2026-10-05T14:11:24+00:00
Pune,Lokmat,Pune • Lokmat,https://www.lokmat.com/city/,62,CM देवेंद्र फडणवीस,https://www.lokmat.com/topics/devendra-fadnavis/,2026-10-05T14:11:24+00:00
Pune,Lokmat,Pune • Lokmat,https://www.lokmat.com/city/,63,PM नरेंद्र मोदी,https://www.lokmat.com/topics/narendra-modi/,2026-10-05T14:11:24+00:00
Pune,Lokmat,Pune • Lokmat,https://www.lokmat.com/city/,64,रशियातून कोरोनापेक्षाही १००० पटीने खतरनाक 'न्यूमोनिक प्लेग' व्हायरस लीक; भारतीयांना कितपत धोका?,https://www.lokmat.com/international/pneumonic-plague-virus-1000-times-more-dangerous-than-corona-leaked-from-russia-how-dangerous-is-it-for-indians-know-more-a-a747/,2026-10-05T14:11:24+00:00
Pune,Lokmat,Pune • Lokmat,https://www.lokmat.com/city/,65,"VIDEO: खतरनाक! धावती ट्रेन पकडताना प्रवाशाचा पाय सटकला, रेल्वे पोलिसाने पटकन शर्ट खेचला...",https://www.lokmat.com/social-viral/viral-video-railway-police-saved-life-of-commuter-who-was-trying-to-board-running-train-almsot-trapped-between-platform-and-railway-social-media-a-a747/,2026-10-05T14:11:24+00:00
Pune,Lokmat,Pune • Lokmat,https://www.lokmat.com/city/,66,"मोठी दुर्घटना! कांगो नदीत २ बोटींची जोरदार धडक; ३० जणांचा मृत्यू, अनेक जण बेपत्ता",https://www.lokmat.com/international/boat-collision-on-congo-river-killed-at-least-30-dozens-missing-congolese-officials-say-a-a597/,2026-10-05T14:11:24+00:00
Pune,Lokmat,Pune • Lokmat,https://www.lokmat.com/city/,67,जर कॅप्टन स्मित दरवाजा उघडण्यास असमर्थ ठरला असता तर...; इस्रायलने सर्वात कठोर निर्णय घेतला असता...,https://www.lokmat.com/international/flydubai-news-if-captain-smit-had-been-unable-to-open-the-door-israel-would-have-taken-the-harshest-decision-of-missile-attack-a-a607/,2026-10-05T14:11:24+00:00
Pune,Lokmat,Pune • Lokmat,https://www.lokmat.com/city/,68,आणखी एक युद्ध सुरु झाले...! सौदीने १०० लढाऊ विमानांनी येमेनच्या हद्दीत हल्ले चढविले; विमानतळ हुथींच्या तावडीतून सोडविला,https://www.lokmat.com/international/operation-dawn-of-yemen-another-war-has-begun-saudi-arabia-launched-100-fighter-jets-into-yemeni-territory-airport-liberated-from-houthis-grip-a-a607/,2026-10-05T14:11:24+00:00
Pune,Lokmat,Pune • Lokmat,https://www.lokmat.com/city/,69,कार विक्रीत मोठा उलटफेर! महिंद्राने टाटा मोटर्सला टाकले मागे; दुसरा नंबर गमावला...,https://www.lokmat.com/auto/car-sales-september-2026-big-turnaround-in-car-sales-mahindra-overtakes-tata-motors-loses-second-position-a-a607/,2026-10-05T14:11:24+00:00
Pune,Lokmat,Pune • Lokmat,https://www.lokmat.com/city/,70,"समोर पोलार्ड... गोलंदाज जोरात पळत आला, वाटले बाऊंसरच...; वाईड टाकला अन् 'षटकार' झाला... पण... Video!",https://www.lokmat.com/cricket/news/canada-super60-wide-ball-with-six-video-pollard-in-front-the-bowler-came-running-hard-thought-it-was-a-bouncer-he-bowled-it-wide-and-it-was-a-six-a-a607/,2026-10-05T14:11:24+00:00
Pune,Lokmat,Pune • Lokmat,https://www.lokmat.com/city/,71,"पाकिस्तानातील सत्ताधाऱ्यांमध्ये खळबळ...! हजारो लोक इस्लामाबादकडे कूच करू लागले, संसद परिसराला कंटेनर्सचे कुंपण",https://www.lokmat.com/international/imran-khan-release-pti-long-march-excitement-among-the-rulers-of-pakistan-thousands-of-people-started-marching-towards-islamabad-the-parliament-premises-were-surrounded-by-containers-a-a607/,2026-10-05T14:11:24+00:00
Pune,Lokmat,Pune • Lokmat,https://www.lokmat.com/city/,72,"अमेरिकेत ट्रम्प मध्यावधी निवडणूक हरणार? रिपब्लिकन नेते अंतर ठेवू लागले, साधा फोटोही वापरेनात...",https://www.lokmat.com/international/donald-trump-approval-rating-2026-will-trump-lose-the-midterm-elections-in-america-republican-leaders-are-starting-to-keep-their-distance-they-wont-even-use-a-simple-photo-a-a607/,2026-10-05T14:11:24+00:00
Pune,Lokmat,Pune • Lokmat,https://www.lokmat.com/city/,73,अमेरिकेची मोठी माघार! ब्रिटनच्या एअरबेसवरून सर्व १२ घातक 'B-1' बॉम्बर्स तातडीने हटवले,https://www.lokmat.com/international/us-b1-bombers-uk-airbase-americas-big-retreat-all-12-deadly-b-1-bombers-immediately-removed-from-british-airbase-a-a607/,2026-10-05T14:11:24+00:00
Pune,Lokmat,Pune • Lokmat,https://www.lokmat.com/city/,74,"""सरन्यायाधीशांना जे करायचे ते करू द्या, फरक पडत नाही""; 'CJP'चा सर्वोच्च न्यायालयाच्या भूमिकेवर आक्षेप",https://www.lokmat.com/national/let-the-chief-justice-do-whatever-he-wants-it-doesnt-matter-cjp-objects-to-supreme-courts-stance-a-a941/,2026-10-05T14:11:24+00:00
Pune,Lokmat,Pune • Lokmat,https://www.lokmat.com/city/,75,"भारतात 4G स्मार्टफोन पुन्हा येऊ लागले! साध्यासुध्याच नाही, बड्या कंपन्याही आणू लागल्या; मोठा खुलासा",https://www.lokmat.com/tech/4g-smartphones-comeback-india-marathi-4g-smartphones-are-making-a-strong-comeback-in-india-not-just-simple-ones-big-companies-have-also-started-bringing-them-big-revelation-a-a607/,2026-10-05T14:11:24+00:00
Pune,Lokmat,Pune • Lokmat,https://www.lokmat.com/city/,76,पंजाब CMO मधील भ्रष्टाचार प्रकरणाची आता 'CBI' चौकशी! पंजाब-हरियाणा उच्च न्यायालयाचे मोठे आदेश; दोन महिन्यांची मुदत,https://www.lokmat.com/national/punjab-cmo-corruption-case-cbi-to-probe-alleged-corruption-case-in-punjab-cmo-punjab-haryana-high-court-orders-two-months-time-a-a607/,2026-10-05T14:11:24+00:00
Pune,Lokmat,Pune • Lokmat,https://www.lokmat.com/city/,77,केंद्रीय मंत्री हरदीप पूरी ते राज्यमंत्री बीएल वर्मा... भाजपच्या राज्यसभा यादीतून 'या' नेत्यांना डच्चू,https://www.lokmat.com/national/union-minister-hardeep-puri-to-minister-of-state-bl-verma-7-sitting-mps-are-out-of-bjp-up-rajya-sabha-list-a-a747/,2026-10-05T14:11:24+00:00
Pune,Lokmat,Pune • Lokmat,https://www.lokmat.com/city/,78,वैद्यकशास्त्रातील नोबेल पुरस्कार जाहीर! 'या' महत्वपूर्ण संशोधनासाठी ३ शास्त्रज्ञांना जगातील सर्वोच्च सन्मान,https://www.lokmat.com/international/medicine-nobel-prize-2026-announced-3-scientists-karl-deisseroth-peter-hegemann-georg-nagel-a-a653/,2026-10-05T14:11:24+00:00
Pune,Lokmat,Pune • Lokmat,https://www.lokmat.com/city/,79,"भारत-स्वित्झर्लंड संबंधांना नवी दिशा; गुंतवणूक, व्यापार आणि संरक्षण क्षेत्रात मोठे करार",https://www.lokmat.com/business/news/india-switzerland-deal-new-direction-for-india-switzerland-relations-major-agreements-in-investment-trade-and-defense-sectors-a-a732/,2026-10-05T14:11:24+00:00
Pune,Lokmat,Pune • Lokmat,https://www.lokmat.com/city/,80,"""घरी ये, कुठली मिठाई देणार...""; महिला कर्मचाऱ्याला अश्लील मेसेज पाठवणाऱ्या अधिकाऱ्याला मनसेकडून चोप",https://www.lokmat.com/kalyan-dombivli/mns-workers-assault-deputy-station-master-at-kalyan-railway-station-over-harassment-allegations-by-woman-employee-a-a1001/,2026-10-05T14:11:24+00:00
Chandigarh,Tribune,Chandigarh • Tribune,https://www.tribuneindia.com/news/city/chandigarh,1,"SEBI chief Tuhin Kanta Pandey relives his PU days, remembers late night paranthas at PGI canteen",https://www.tribuneindia.com/news/chandigarh/sebi-chief-tuhin-kanta-pandey-relives-his-pu-days-remembers-late-night-paranthas-at-pgi-canteen/,2026-10-05T14:11:24+00:00
Chandigarh,Tribune,Chandigarh • Tribune,https://www.tribuneindia.com/news/city/chandigarh,2,"Mayors demand uniform tenure, powers, facilities at Chandigarh conference",https://www.tribuneindia.com/news/chandigarh/mayors-demand-uniform-tenure-powers-facilities-at-chandigarh-conference/,2026-10-05T14:11:24+00:00
Chandigarh,Tribune,Chandigarh • Tribune,https://www.tribuneindia.com/news/city/chandigarh,3,3 Chandigarh govt schools make it to India’s top 10; Sector 16 school on top,https://www.tribuneindia.com/news/chandigarh/3-chandigarh-govt-schools-make-it-to-indias-top-10-sector-16-school-on-top/,2026-10-05T14:11:24+00:00
Chandigarh,Tribune,Chandigarh • Tribune,https://www.tribuneindia.com/news/city/chandigarh,4,Thousands of Chandigarh colony residents likely to get ownership rights soon,https://www.tribuneindia.com/news/chandigarh/thousands-of-chandigarh-colony-residents-likely-to-get-ownership-rights-soon/,2026-10-05T14:11:24+00:00
Chandigarh,Tribune,Chandigarh • Tribune,https://www.tribuneindia.com/news/city/chandigarh,5,"Chhatbir Zoo draws 10,000 visitors daily",https://www.tribuneindia.com/news/chandigarh/chhatbir-zoo-draws-10000-visitors-daily/,2026-10-05T14:11:24+00:00
Chandigarh,Tribune,Chandigarh • Tribune,https://www.tribuneindia.com/news/city/chandigarh,6,"Drug trail leads Shimla police to Chandigarh, SAS Nagar, 2 suppliers arrested",https://www.tribuneindia.com/news/himachal/drug-trail-leads-shimla-police-to-chandigarh-sas-nagar-2-suppliers-arrested/,2026-10-05T14:11:24+00:00
Chandigarh,Tribune,Chandigarh • Tribune,https://www.tribuneindia.com/news/city/chandigarh,7,"Behind Pranavi’s golden moment, a Chandigarh city golfer’s support",https://www.tribuneindia.com/news/chandigarh/behind-pranavis-golden-moment-a-chandigarh-city-golfers-support/,2026-10-05T14:11:24+00:00
Chandigarh,Tribune,Chandigarh • Tribune,https://www.tribuneindia.com/news/city/chandigarh,8,Truck hits three on Old Ambala Road; delivery worker critical,https://www.tribuneindia.com/news/chandigarh/truck-hits-three-on-old-ambala-road-delivery-worker-critical/,2026-10-05T14:11:24+00:00
Chandigarh,Tribune,Chandigarh • Tribune,https://www.tribuneindia.com/news/city/chandigarh,9,2 women held for theft at Mansa Devi complex,https://www.tribuneindia.com/news/chandigarh/2-women-held-for-theft-at-mansa-devi-complex/,2026-10-05T14:11:24+00:00
Chandigarh,Tribune,Chandigarh • Tribune,https://www.tribuneindia.com/news/city/chandigarh,10,Chandigarh: Kajal stars as Sector 22 school claim girls’ football title,https://www.tribuneindia.com/news/chandigarh/chandigarh-kajal-stars-as-sector-22-school-claim-girls-football-title/,2026-10-05T14:11:24+00:00
Chandigarh,Tribune,Chandigarh • Tribune,https://www.tribuneindia.com/news/city/chandigarh,11,"Open House: Ensure more cabs on Chandigarh roads, keep fares affordable",https://www.tribuneindia.com/news/chandigarh/open-house-ensure-more-cabs-on-chandigarh-roads-keep-fares-affordable/,2026-10-05T14:11:24+00:00
Chandigarh,Tribune,Chandigarh • Tribune,https://www.tribuneindia.com/news/city/chandigarh,12,Sunny bags first spot in long jump on Day 3 of Khedan Watan Punjab Diyan,https://www.tribuneindia.com/news/chandigarh/sunny-bags-first-spot-in-long-jump-on-day-3-of-khedan-watan-punjab-diyan/,2026-10-05T14:11:24+00:00
Chandigarh,Tribune,Chandigarh • Tribune,https://www.tribuneindia.com/news/city/chandigarh,13,The blueprint of hope: Inside Model Jail’s quiet rehabilitation revolution,https://www.tribuneindia.com/news/chandigarh/the-blueprint-of-hope-inside-model-jails-quiet-rehabilitation-revolution/,2026-10-05T14:11:24+00:00
Chandigarh,Tribune,Chandigarh • Tribune,https://www.tribuneindia.com/news/city/chandigarh,14,Non-functional lights turn Mohali road into dark zone,https://www.tribuneindia.com/news/chandigarh/non-functional-lights-turn-mohali-road-into-dark-zone/,2026-10-05T14:11:24+00:00
Chandigarh,Tribune,Chandigarh • Tribune,https://www.tribuneindia.com/news/city/chandigarh,15,PCA women’s team wins Rama Atray tourney,https://www.tribuneindia.com/news/chandigarh/pca-womens-team-wins-rama-atray-tourney/,2026-10-05T14:11:24+00:00
Chandigarh,Tribune,Chandigarh • Tribune,https://www.tribuneindia.com/news/city/chandigarh,16,Fatehgarh Sahib police detain 40 suspected drug peddlers,https://www.tribuneindia.com/news/chandigarh/fatehgarh-sahib-police-detain-40-suspected-drug-peddlers/,2026-10-05T14:11:24+00:00
Chandigarh,Tribune,Chandigarh • Tribune,https://www.tribuneindia.com/news/city/chandigarh,17,Questions raised over document authenticity for picking U-19 team,https://www.tribuneindia.com/news/chandigarh/questions-raised-over-document-authenticity-for-picking-u-19-team/,2026-10-05T14:11:24+00:00
Chandigarh,Tribune,Chandigarh • Tribune,https://www.tribuneindia.com/news/city/chandigarh,18,"From today, Mayors to dwell on roadmap for cleaner, greener cities",https://www.tribuneindia.com/news/chandigarh/from-today-mayors-to-dwell-on-roadmap-for-cleaner-greener-cities/,2026-10-05T14:11:24+00:00
Chandigarh,Tribune,Chandigarh • Tribune,https://www.tribuneindia.com/news/city/chandigarh,19,"5,000 join Sekhon IAF Marathon in Chandigarh to honour Param Vir Chakra hero",https://www.tribuneindia.com/news/chandigarh/5000-join-sekhon-iaf-marathon-in-chandigarh-to-honour-param-vir-chakra-hero/,2026-10-05T14:11:24+00:00
Chandigarh,Tribune,Chandigarh • Tribune,https://www.tribuneindia.com/news/city/chandigarh,20,"Can India-UK trade pact open doors for Chandigarh, Punjab as North of England reaches out?",https://www.tribuneindia.com/news/london-letter/can-india-uk-trade-pact-open-doors-for-chandigarh-punjab-as-north-of-england-reaches-out/,2026-10-05T14:11:24+00:00
Chandigarh,Tribune,Chandigarh • Tribune,https://www.tribuneindia.com/news/city/chandigarh,21,Verka GM’s caste harassment case: Chandigarh Police file FIR after Scheduled Castes panel orders fresh probe,https://www.tribuneindia.com/news/ludhiana/verka-gms-caste-harassment-case-chandigarh-police-file-fir-after-scheduled-castes-panel-orders-fresh-probe/,2026-10-05T14:11:24+00:00
Chandigarh,Tribune,Chandigarh • Tribune,https://www.tribuneindia.com/news/city/chandigarh,22,Chasing memories and sunrise along the surreal Sukhna,https://www.tribuneindia.com/news/shaharnama/chasing-memories-and-sunrise-along-the-surreal-sukhna/,2026-10-05T14:11:24+00:00
Chandigarh,Tribune,Chandigarh • Tribune,https://www.tribuneindia.com/news/city/chandigarh,23,Farmers’ candlelight march in city throws traffic out of gear,https://www.tribuneindia.com/news/chandigarh/farmers-candlelight-march-in-city-throws-traffic-out-of-gear/,2026-10-05T14:11:24+00:00
Chandigarh,Tribune,Chandigarh • Tribune,https://www.tribuneindia.com/news/city/chandigarh,24,Police yet to trace key suspect in social media influencer Manjeet Kaur's murder case,https://www.tribuneindia.com/news/chandigarh/police-yet-to-trace-key-suspect-in-social-media-influencer-manjeet-kaurs-murder-case/,2026-10-05T14:11:24+00:00
Chandigarh,Tribune,Chandigarh • Tribune,https://www.tribuneindia.com/news/city/chandigarh,25,Hands-on workshops take centre stage at Chandigarh College of Architecture fest,https://www.tribuneindia.com/news/chandigarh/hands-on-workshops-take-centre-stage-at-chandigarh-college-of-architecture-fest/,2026-10-05T14:11:24+00:00
Chandigarh,Tribune,Chandigarh • Tribune,https://www.tribuneindia.com/news/city/chandigarh,26,"Raptors, Mulligans log wins as golf league tees off",https://www.tribuneindia.com/news/chandigarh/raptors-mulligans-log-wins-as-golf-league-tees-off/,2026-10-05T14:11:24+00:00
Chandigarh,Tribune,Chandigarh • Tribune,https://www.tribuneindia.com/news/city/chandigarh,27,Chandigarh Congress slams MC over inaction against Masih,https://www.tribuneindia.com/news/chandigarh/chandigarh-congress-slams-mc-over-inaction-against-masih/,2026-10-05T14:11:24+00:00
Chandigarh,Tribune,Chandigarh • Tribune,https://www.tribuneindia.com/news/city/chandigarh,28,"Rs 116-cr Smart City fund scam: Lapses in opening of account by civic body led to fraud, says audit report",https://www.tribuneindia.com/news/chandigarh/116-cr-smart-city-fund-scam-lapses-in-opening-of-account-by-civic-body-led-to-fraud-says-audit-report/,2026-10-05T14:11:24+00:00
Chandigarh,Tribune,Chandigarh • Tribune,https://www.tribuneindia.com/news/city/chandigarh,29,Panjab University institute for undergraduate education awaits regular faculty,https://www.tribuneindia.com/news/chandigarh/panjab-university-institute-for-undergraduate-education-awaits-regular-faculty/,2026-10-05T14:11:24+00:00
Chandigarh,Tribune,Chandigarh • Tribune,https://www.tribuneindia.com/news/city/chandigarh,30,No water in Motemajra wetland as winged guests’ arrival nears,https://www.tribuneindia.com/news/chandigarh/no-water-in-motemajra-wetland-as-winged-guests-arrival-nears/,2026-10-05T14:11:24+00:00
Chandigarh,Tribune,Chandigarh • Tribune,https://www.tribuneindia.com/news/city/chandigarh,31,Heart of Punjab,https://www.tribuneindia.com/news/state/punjab/heart-of-punjab,2026-10-05T14:11:24+00:00
Chandigarh,Tribune,Chandigarh • Tribune,https://www.tribuneindia.com/news/city/chandigarh,32,Jammu & Kashmir,https://www.tribuneindia.com/news/state/j-k,2026-10-05T14:11:24+00:00
Chandigarh,Tribune,Chandigarh • Tribune,https://www.tribuneindia.com/news/city/chandigarh,33,Heart of Haryana,https://www.tribuneindia.com/news/state/haryana/heart-of-haryana,2026-10-05T14:11:24+00:00
Chandigarh,Tribune,Chandigarh • Tribune,https://www.tribuneindia.com/news/city/chandigarh,34,The Tribune Science,https://www.tribuneindia.com/news/features/the-tribune-science,2026-10-05T14:11:24+00:00
Chandigarh,Tribune,Chandigarh • Tribune,https://www.tribuneindia.com/news/city/chandigarh,35,Inside the Capital,https://www.tribuneindia.com/news/news-columns/inside-the-capital,2026-10-05T14:11:24+00:00
Chandigarh,Tribune,Chandigarh • Tribune,https://www.tribuneindia.com/news/city/chandigarh,36,Assembly Elections 2026,https://www.tribuneindia.com/news/assembly-elections-2026,2026-10-05T14:11:24+00:00
Chandigarh,Tribune,Chandigarh • Tribune,https://www.tribuneindia.com/news/city/chandigarh,37,Operation Sindoor: One Year On,https://www.tribuneindia.com/news/operation-sindoor-one-year-on,2026-10-05T14:11:24+00:00
Chandigarh,Tribune,Chandigarh • Tribune,https://www.tribuneindia.com/news/city/chandigarh,38,Letters To The Editor,https://www.tribuneindia.com/news/opinions/letters,2026-10-05T14:11:24+00:00
Chandigarh,Tribune,Chandigarh • Tribune,https://www.tribuneindia.com/news/city/chandigarh,39,India Pakistan News,https://www.tribuneindia.com/news/india-pakistan-news/,2026-10-05T14:11:24+00:00
Chandigarh,Tribune,Chandigarh • Tribune,https://www.tribuneindia.com/news/city/chandigarh,40,Jobs & Careers,https://www.tribuneindia.com/news/jobscareers,2026-10-05T14:11:24+00:00
Chandigarh,Tribune,Chandigarh • Tribune,https://www.tribuneindia.com/news/city/chandigarh,41,Science & Technology,https://www.tribuneindia.com/news/science-technology,2026-10-05T14:11:24+00:00
Chandigarh,Tribune,Chandigarh • Tribune,https://www.tribuneindia.com/news/city/chandigarh,42,Remembering B N Goswamy,https://www.tribuneindia.com/news/remembering-bn-goswamy/,2026-10-05T14:11:24+00:00
Chandigarh,Tribune,Chandigarh • Tribune,https://www.tribuneindia.com/news/city/chandigarh,43,Celebrating 145 years of The Tribune,https://www.tribuneindia.com/news/145-years-of-the-tribune/,2026-10-05T14:11:24+00:00
